currdate,vol.pct.all,vol.pct.ma.all
1/2/2009,0.279541102,NA
1/5/2009,0.495527027,NA
1/6/2009,0.501719138,NA
1/7/2009,0.555683722,NA
1/8/2009,0.532012221,NA
1/9/2009,0.459907723,NA
1/12/2009,0.525219713,NA
1/13/2009,0.530981694,NA
1/14/2009,0.517522742,NA
1/15/2009,0.529714053,NA
1/16/2009,0.45945462,NA
1/20/2009,0.468979476,NA
1/21/2009,0.552030939,NA
1/22/2009,0.538609319,NA
1/23/2009,0.521314433,NA
1/26/2009,0.468388367,NA
1/27/2009,0.533645327,NA
1/28/2009,0.540625708,NA
1/29/2009,0.531686861,NA
1/30/2009,0.544361646,0.504346292
2/2/2009,0.451099663,0.51292422
2/3/2009,0.543203708,0.515308054
2/4/2009,0.53705902,0.517075048
2/5/2009,0.577087314,0.518145227
2/6/2009,0.511308105,0.517110022
2/9/2009,0.495529517,0.518891111
2/10/2009,0.545821003,0.519921176
2/11/2009,0.515854913,0.519164837
2/12/2009,0.542582895,0.520417844
2/13/2009,0.453796961,0.51662199
2/17/2009,0.431651921,0.515231855
2/18/2009,0.536000252,0.518582894
2/19/2009,0.527252591,0.517343976
2/20/2009,0.500614646,0.515444243
2/23/2009,0.47994625,0.513375833
2/24/2009,0.518689926,0.515890911
2/25/2009,0.543193035,0.516368297
2/26/2009,0.542943686,0.516484196
2/27/2009,0.523945701,0.516097138
3/2/2009,0.452591069,0.511508609
3/3/2009,0.548014837,0.516354368
3/4/2009,0.531359557,0.51576216
3/5/2009,0.55255059,0.516536739
3/6/2009,0.519985132,0.513681629
3/9/2009,0.466112067,0.511421828
3/10/2009,0.503255771,0.51180814
3/11/2009,0.524580186,0.510746099
3/12/2009,0.555365314,0.512721619
3/13/2009,0.505509155,0.510867932
3/16/2009,0.505859817,0.513471075
3/17/2009,0.488665295,0.516321744
3/18/2009,0.517663942,0.515404928
3/19/2009,0.467377003,0.512411149
3/20/2009,0.448879122,0.509824373
3/23/2009,0.450412956,0.508347708
3/24/2009,0.532829487,0.509054686
3/25/2009,0.512917477,0.507540908
3/26/2009,0.537901647,0.507288806
3/27/2009,0.468981577,0.5045406
3/30/2009,0.433118792,0.503566986
3/31/2009,0.492723332,0.500802411
4/1/2009,0.490739082,0.498771387
4/2/2009,0.533428222,0.497815269
4/3/2009,0.47741157,0.495686591
4/6/2009,0.491871006,0.496974538
4/7/2009,0.507199728,0.497171736
4/8/2009,0.474400844,0.494662769
4/9/2009,0.430612083,0.488425107
4/14/2009,0.534864496,0.489892874
4/15/2009,0.521781784,0.490688972
4/16/2009,0.495762288,0.491043822
4/17/2009,0.553943511,0.4928578
4/20/2009,0.503726879,0.494675294
4/21/2009,0.5701778,0.500740228
4/22/2009,0.546617241,0.505550442
4/23/2009,0.522677038,0.50504282
4/24/2009,0.512244799,0.505009186
4/27/2009,0.465648753,0.501396541
4/28/2009,0.539801237,0.504937524
4/29/2009,0.511764499,0.50886981
4/30/2009,0.51402352,0.509934819
5/1/2009,0.504616622,0.510628696
5/5/2009,0.56290093,0.512102331
5/6/2009,0.540408434,0.515252175
5/7/2009,0.53407634,0.517362441
5/8/2009,0.51999822,0.518002366
5/11/2009,0.484959163,0.518530282
5/12/2009,0.545311083,0.524265232
5/13/2009,0.548771744,0.524960594
5/14/2009,0.527344657,0.525238738
5/15/2009,0.46472267,0.523686757
5/18/2009,0.47074222,0.519526692
5/19/2009,0.548138012,0.521747249
5/20/2009,0.567663568,0.521621538
5/21/2009,0.539141334,0.521247742
5/22/2009,0.442241154,0.517225948
5/26/2009,0.46624217,0.514925817
5/27/2009,0.5794844,0.520617599
5/28/2009,0.547821781,0.521018626
5/29/2009,0.519655378,0.52141317
6/1/2009,0.511063691,0.521265179
6/2/2009,0.544741709,0.523271433
6/3/2009,0.533649801,0.521808876
6/4/2009,0.538124174,0.521694663
6/5/2009,0.476089389,0.518795316
6/8/2009,0.478427548,0.516716782
6/9/2009,0.517694967,0.518353573
6/10/2009,0.532513354,0.517713686
6/11/2009,0.549423892,0.517746293
6/12/2009,0.491045152,0.515931318
6/15/2009,0.482155296,0.51680295
6/16/2009,0.561220992,0.521326888
6/17/2009,0.50996656,0.519418316
6/18/2009,0.520764431,0.517073359
6/19/2009,0.449053094,0.512568947
6/22/2009,0.484511021,0.51468244
6/23/2009,0.488766687,0.515808666
6/24/2009,0.503824105,0.512025651
6/25/2009,0.534884113,0.511378768
6/26/2009,0.510538338,0.510922916
6/29/2009,0.480616585,0.50940056
6/30/2009,0.499951885,0.507161069
7/1/2009,0.504001532,0.505678656
7/2/2009,0.363281299,0.496936512
7/6/2009,0.472281839,0.496746134
7/7/2009,0.512659369,0.498457726
7/8/2009,0.524539928,0.498799974
7/9/2009,0.522029478,0.49827578
7/10/2009,0.461331971,0.493871184
7/13/2009,0.481285425,0.493383197
7/14/2009,0.520918961,0.495321381
7/15/2009,0.527169367,0.493618799
7/16/2009,0.528330759,0.494537009
7/17/2009,0.472722121,0.492134894
7/20/2009,0.439052875,0.491634883
7/21/2009,0.525829723,0.493700818
7/22/2009,0.468852826,0.492705125
7/23/2009,0.471431046,0.491085472
7/24/2009,0.535671278,0.49112483
7/27/2009,0.477068393,0.489451333
7/28/2009,0.491032026,0.489972105
7/29/2009,0.524629216,0.491205972
7/30/2009,0.509541072,0.491482949
8/3/2009,0.507379796,0.498687873
8/4/2009,0.512779303,0.500712747
8/5/2009,0.50242091,0.500200824
8/6/2009,0.492213734,0.498584514
8/7/2009,0.451057229,0.495035901
8/10/2009,0.464441396,0.495191373
8/11/2009,0.512729003,0.496763552
8/12/2009,0.556138195,0.498524513
8/13/2009,0.517487002,0.498040395
8/14/2009,0.472802582,0.495263986
8/17/2009,0.498668965,0.496561328
8/18/2009,0.492091917,0.499213281
8/19/2009,0.495534222,0.497698506
8/20/2009,0.502547462,0.499383237
8/21/2009,0.416895766,0.496656473
8/24/2009,0.452923785,0.492519099
8/25/2009,0.47673129,0.492502244
8/26/2009,0.48231193,0.492066239
8/27/2009,0.405804328,0.486124994
8/28/2009,0.415069836,0.481401433
8/31/2009,0.443508511,0.478207868
9/1/2009,0.420203881,0.473579097
9/2/2009,0.46304224,0.471610164
9/3/2009,0.465757875,0.470287371
9/4/2009,0.367871127,0.466128066
9/8/2009,0.422081402,0.464010066
9/9/2009,0.433455704,0.460046401
9/10/2009,0.488197187,0.456649351
9/11/2009,0.460512405,0.453800621
9/14/2009,0.42198857,0.45125992
9/15/2009,0.48783175,0.450718059
9/16/2009,0.459018308,0.449064379
9/17/2009,0.462037617,0.447389549
9/18/2009,0.437582796,0.444141315
9/21/2009,0.476962977,0.447144676
9/22/2009,0.48686179,0.448841576
9/23/2009,0.467910608,0.448400542
9/24/2009,0.451399543,0.446854923
9/25/2009,0.449907914,0.449060102
9/28/2009,0.450045036,0.450808862
9/29/2009,0.47093563,0.452180218
9/30/2009,0.447237722,0.45353191
10/1/2009,0.44892027,0.452825812
10/2/2009,0.410681012,0.450071968
10/5/2009,0.417075377,0.452532181
10/6/2009,0.448433089,0.453849765
10/7/2009,0.471804117,0.455767186
10/8/2009,0.494545012,0.456084577
10/9/2009,0.396231583,0.452870536
10/13/2009,0.441914995,0.453866857
10/14/2009,0.480808223,0.453515681
10/15/2009,0.506333779,0.455881455
10/16/2009,0.454325006,0.455495824
10/19/2009,0.441155108,0.45567444
10/20/2009,0.433146658,0.453483624
10/21/2009,0.479560387,0.453118553
10/22/2009,0.462018708,0.452823958
10/23/2009,0.405497636,0.450528863
10/26/2009,0.400418659,0.4480544
10/27/2009,0.467396139,0.448921956
10/28/2009,0.443647718,0.44755756
10/29/2009,0.432085773,0.446799962
10/30/2009,0.450712694,0.446889584
11/2/2009,0.450921001,0.448901583
11/3/2009,0.447510962,0.450423362
11/4/2009,0.395860281,0.447794722
11/5/2009,0.452156786,0.446812355
11/6/2009,0.440231653,0.444096687
11/9/2009,0.427731272,0.445671672
11/10/2009,0.428010527,0.444976449
11/12/2009,0.482761201,0.445074097
11/13/2009,0.442002149,0.441857516
11/16/2009,0.369544349,0.437618483
11/17/2009,0.466723948,0.438896925
11/18/2009,0.464050169,0.440442101
11/19/2009,0.4463422,0.438781191
11/20/2009,0.39785071,0.435572791
11/23/2009,0.407061511,0.435650985
11/24/2009,0.439310545,0.437595579
11/25/2009,0.333561677,0.430903856
11/27/2009,0.176728082,0.417557874
11/30/2009,0.456315761,0.418769374
12/1/2009,0.441029377,0.418285208
12/2/2009,0.461172313,0.418797774
12/3/2009,0.450701842,0.418957318
12/4/2009,0.405496718,0.419439139
12/7/2009,0.405838349,0.417123218
12/8/2009,0.437719082,0.416997589
12/9/2009,0.46116038,0.418669044
12/10/2009,0.471506103,0.420843823
12/11/2009,0.421022825,0.417756904
12/14/2009,0.434405505,0.417377072
12/15/2009,0.455548883,0.421677299
12/16/2009,0.472239966,0.4219531
12/17/2009,0.429378627,0.420219523
12/18/2009,0.353407265,0.415572776
12/21/2009,0.415634064,0.416461944
12/22/2009,0.363698609,0.414293799
12/23/2009,0.304825644,0.407569554
12/24/2009,0.174259484,0.399604444
12/29/2009,0.288029323,0.405169506
12/30/2009,0.281692487,0.396438342
1/4/2010,0.415894865,0.395181617
1/5/2010,0.464776375,0.39536182
1/6/2010,0.473635987,0.396508527
1/7/2010,0.435511945,0.398009288
1/8/2010,0.377612284,0.396597985
1/11/2010,0.415775939,0.395500828
1/12/2010,0.465595379,0.395722578
1/13/2010,0.450284958,0.394661521
1/14/2010,0.455944602,0.396407609
1/15/2010,0.44202799,0.396788734
1/19/2010,0.440435668,0.396033073
1/20/2010,0.439985948,0.394420372
1/21/2010,0.456484697,0.395775676
1/22/2010,0.431871569,0.399698891
1/25/2010,0.439887017,0.400911539
1/26/2010,0.474713313,0.406462274
1/27/2010,0.439076385,0.413174811
1/28/2010,0.406528186,0.424788246
1/29/2010,0.466235948,0.433698577
2/1/2010,0.405211239,0.439874515
2/2/2010,0.480480998,0.443103821
2/3/2010,0.458594013,0.442794703
2/4/2010,0.424458082,0.440335808
2/5/2010,0.494672343,0.443293828
2/8/2010,0.441723036,0.446499366
2/9/2010,0.488103793,0.450115758
2/10/2010,0.45417711,0.449544845
2/11/2010,0.482372847,0.451149239
2/12/2010,0.40461702,0.44858286
2/16/2010,0.409731545,0.446968038
2/17/2010,0.459941663,0.447943338
2/18/2010,0.397730458,0.445830563
2/19/2010,0.409746893,0.443493673
2/22/2010,0.397599346,0.441780062
2/23/2010,0.459813761,0.442776399
2/24/2010,0.446477214,0.441364594
2/25/2010,0.451468134,0.441984181
2/26/2010,0.400601394,0.441687842
3/1/2010,0.430086364,0.439880363
3/2/2010,0.494773683,0.444358485
3/3/2010,0.479641022,0.444316486
3/4/2010,0.489608899,0.44586723
3/5/2010,0.430014593,0.446145056
3/8/2010,0.453135377,0.444068208
3/9/2010,0.507375536,0.447350833
3/10/2010,0.480071288,0.446949207
3/11/2010,0.468052635,0.447642984
3/12/2010,0.432669955,0.445157839
3/15/2010,0.429131241,0.44638355
3/16/2010,0.396912322,0.445742589
3/17/2010,0.471978731,0.446344442
3/18/2010,0.449928994,0.448954369
3/19/2010,0.445758696,0.450754959
3/22/2010,0.421201869,0.451935085
3/23/2010,0.445307426,0.451209769
3/24/2010,0.467862751,0.452279046
3/25/2010,0.445690917,0.451990185
3/26/2010,0.407411583,0.452330694
3/29/2010,0.373461153,0.449499434
3/30/2010,0.422239638,0.445872731
3/31/2010,0.436099717,0.443695666
4/1/2010,0.380867375,0.43825859
4/5/2010,0.389418091,0.436228765
4/6/2010,0.441948389,0.435669415
4/7/2010,0.431593459,0.431880311
4/8/2010,0.428222631,0.429287879
4/9/2010,0.402404304,0.426005462
4/12/2010,0.445294951,0.426636712
4/13/2010,0.437684373,0.427064368
4/14/2010,0.418333566,0.428135431
4/15/2010,0.427642792,0.425918634
4/16/2010,0.447864805,0.425815424
4/19/2010,0.446640916,0.425859535
4/20/2010,0.44795848,0.427197366
4/21/2010,0.45465554,0.427664772
4/22/2010,0.461527024,0.427347985
4/23/2010,0.394344183,0.424780648
4/26/2010,0.399335771,0.424376858
4/27/2010,0.398418668,0.425624734
4/28/2010,0.460331095,0.427529307
4/29/2010,0.424222673,0.426935454
4/30/2010,0.436219718,0.429703071
5/3/2010,0.400687058,0.43026652
5/4/2010,0.433058446,0.429822023
5/5/2010,0.465062297,0.431495465
5/6/2010,0.466669966,0.433417831
5/7/2010,0.46635243,0.436615238
5/10/2010,0.45035205,0.436868093
5/11/2010,0.417808096,0.435874279
5/12/2010,0.466742773,0.438294739
5/13/2010,0.458578755,0.439841537
5/14/2010,0.398501179,0.437373356
5/17/2010,0.390232129,0.434552917
5/18/2010,0.452878103,0.434798898
5/19/2010,0.468353694,0.435483805
5/20/2010,0.460756497,0.435445279
5/21/2010,0.461441842,0.438800162
5/24/2010,0.358375083,0.436752128
5/25/2010,0.455863226,0.439624355
5/26/2010,0.475148454,0.440365223
5/27/2010,0.522404685,0.445274324
6/1/2010,0.410025517,0.443964614
6/2/2010,0.469468312,0.447403677
6/3/2010,0.452425621,0.448372035
6/4/2010,0.439413879,0.447089615
6/7/2010,0.419400525,0.444726142
6/8/2010,0.474788106,0.445147926
6/9/2010,0.495129963,0.447386822
6/10/2010,0.518326741,0.452412754
6/11/2010,0.484220906,0.453286661
6/14/2010,0.457890665,0.453252256
6/15/2010,0.536446715,0.460149533
6/16/2010,0.521278043,0.466701829
6/17/2010,0.501755949,0.469145721
6/18/2010,0.410430828,0.466249578
6/21/2010,0.389130695,0.462668288
6/22/2010,0.512629201,0.465227656
6/23/2010,0.448462368,0.46973202
6/24/2010,0.428492768,0.468363497
6/25/2010,0.420950375,0.465653593
6/28/2010,0.445008464,0.461783782
6/29/2010,0.444965905,0.463530801
6/30/2010,0.442144946,0.462164633
7/1/2010,0.487806984,0.463933701
7/2/2010,0.309879101,0.457456962
7/6/2010,0.413958574,0.457184865
7/7/2010,0.403986859,0.453644802
7/8/2010,0.449426267,0.451359618
7/9/2010,0.367847656,0.443835663
7/12/2010,0.420536728,0.440651454
7/13/2010,0.457521812,0.440633012
7/14/2010,0.438460745,0.435733713
7/15/2010,0.44639704,0.431989663
7/16/2010,0.412387324,0.427521232
7/19/2010,0.368565102,0.425427946
7/20/2010,0.407289357,0.426335879
7/21/2010,0.439037465,0.422656292
7/22/2010,0.513616102,0.425913979
7/23/2010,0.401608588,0.42456977
7/26/2010,0.402068667,0.423625684
7/27/2010,0.479312314,0.425340877
7/28/2010,0.44793936,0.42548955
7/29/2010,0.475787148,0.42717166
7/30/2010,0.381781788,0.4218704
8/2/2010,0.446132746,0.428683082
8/3/2010,0.47913032,0.431941669
8/4/2010,0.429619726,0.433223313
8/5/2010,0.424675778,0.431985788
8/6/2010,0.379104491,0.43254863
8/9/2010,0.388906145,0.430967101
8/10/2010,0.457661263,0.430974073
8/11/2010,0.421406013,0.430121337
8/12/2010,0.420861612,0.428844565
8/13/2010,0.401747987,0.428312599
8/16/2010,0.386938949,0.429231291
8/17/2010,0.430746779,0.430404162
8/18/2010,0.405006827,0.42870263
8/19/2010,0.413496144,0.423696632
8/20/2010,0.394253872,0.423328896
8/23/2010,0.34327632,0.420389279
8/24/2010,0.429222545,0.417884791
8/25/2010,0.454601211,0.418217883
8/26/2010,0.403286029,0.414592827
8/27/2010,0.370518595,0.414029668
8/30/2010,0.327841335,0.408115097
8/31/2010,0.430233777,0.40567027
9/1/2010,0.402127987,0.404295683
9/2/2010,0.4278212,0.404452954
9/3/2010,0.332905108,0.402142985
9/7/2010,0.351480845,0.40027172
9/8/2010,0.46167304,0.400472309
9/9/2010,0.484622296,0.403633123
9/10/2010,0.420605975,0.403620341
9/13/2010,0.429797848,0.405022834
9/14/2010,0.442902772,0.407821025
9/15/2010,0.434178515,0.407992612
9/16/2010,0.449574413,0.410220991
9/17/2010,0.395006815,0.409296525
9/20/2010,0.374773236,0.408322493
9/21/2010,0.455678673,0.413942611
9/22/2010,0.415256185,0.413244293
9/23/2010,0.411271587,0.411077812
9/24/2010,0.402412061,0.411034113
9/27/2010,0.393382911,0.412177329
9/28/2010,0.412022937,0.416386409
9/29/2010,0.46400527,0.418074984
9/30/2010,0.400666301,0.418001899
10/1/2010,0.347095517,0.413965615
10/4/2010,0.397581557,0.417199438
10/5/2010,0.444601082,0.42185545
10/6/2010,0.445505593,0.421047077
10/7/2010,0.432128542,0.41842239
10/8/2010,0.350107639,0.414897473
10/12/2010,0.412992179,0.414057189
10/13/2010,0.389327047,0.411378403
10/14/2010,0.471903761,0.413264665
10/15/2010,0.394191363,0.410495513
10/18/2010,0.382666011,0.409878473
10/19/2010,0.4499862,0.413639121
10/20/2010,0.431685565,0.412439465
10/21/2010,0.435401005,0.413446706
10/22/2010,0.375012608,0.411633758
10/25/2010,0.34415598,0.408720953
10/26/2010,0.460948092,0.412099213
10/27/2010,0.438920367,0.413444084
10/28/2010,0.379606919,0.409224166
10/29/2010,0.421258875,0.410253795
11/1/2010,0.406103279,0.413204183
11/2/2010,0.418363509,0.414243281
11/3/2010,0.423152235,0.413170838
11/4/2010,0.442121063,0.413001612
11/5/2010,0.420289988,0.412409684
11/8/2010,0.367589144,0.41328376
11/9/2010,0.451578702,0.415213086
11/10/2010,0.453055722,0.418399519
11/11/2010,0.0839334,0.399001001
11/12/2010,0.360531918,0.397318029
11/15/2010,0.377439046,0.397056681
11/16/2010,0.409545937,0.395034668
11/17/2010,0.38066343,0.392483561
11/18/2010,0.397954326,0.390611227
11/19/2010,0.391129607,0.391417077
11/22/2010,0.348650892,0.391641823
11/23/2010,0.38063916,0.387626376
11/24/2010,0.317829095,0.381571812
11/29/2010,0.383155485,0.381749241
11/30/2010,0.415557951,0.381464194
12/1/2010,0.424354593,0.38237676
12/2/2010,0.425326392,0.382724904
12/3/2010,0.402489127,0.381691749
12/6/2010,0.429646355,0.381068014
12/7/2010,0.447868843,0.382446956
12/8/2010,0.443710653,0.386253032
12/9/2010,0.407654222,0.384056808
12/10/2010,0.412826603,0.382045352
12/13/2010,0.397279123,0.397712638
12/14/2010,0.416541519,0.400513118
12/15/2010,0.389052218,0.401093777
12/16/2010,0.433899945,0.402311477
12/17/2010,0.393456485,0.40295113
12/20/2010,0.333816441,0.399744235
12/21/2010,0.386899414,0.399532726
12/22/2010,0.36075297,0.40013783
12/27/2010,0.305399767,0.39637586
12/28/2010,0.357592739,0.398364042
12/29/2010,0.299089002,0.394160718
12/30/2010,0.321406005,0.389453121
1/3/2011,0.393429821,0.387906882
1/4/2011,0.407273656,0.387004245
1/5/2011,0.465012343,0.390130406
1/6/2011,0.443943688,0.390845273
1/7/2011,0.391790082,0.388041335
1/10/2011,0.342831523,0.382997378
1/11/2011,0.40876344,0.383052839
1/12/2011,0.593951866,0.392109102
1/13/2011,0.432763604,0.393883326
1/14/2011,0.409837766,0.393548139
1/18/2011,0.411763947,0.394683725
1/19/2011,0.425856297,0.394281543
1/20/2011,0.465891027,0.39790327
1/21/2011,0.430859771,0.402755436
1/24/2011,0.432054296,0.40501318
1/25/2011,0.431093738,0.408530219
1/26/2011,0.468388243,0.416679643
1/27/2011,0.433445515,0.420472281
1/28/2011,0.393824209,0.425209042
1/31/2011,0.392897948,0.428783639
2/1/2011,0.410679768,0.429646136
2/2/2011,0.430261283,0.430795518
2/3/2011,0.44584415,0.429837108
2/4/2011,0.421475363,0.428713692
2/7/2011,0.438245023,0.431036439
2/8/2011,0.452616655,0.436525695
2/9/2011,0.476495308,0.439912289
2/10/2011,0.453080832,0.432868737
2/11/2011,0.433339125,0.432897513
2/14/2011,0.382336039,0.431522427
2/15/2011,0.436600626,0.432764261
2/16/2011,0.416703046,0.432306598
2/17/2011,0.417191893,0.429871642
2/18/2011,0.365560627,0.426606684
2/22/2011,0.418298745,0.425918907
2/23/2011,0.391263203,0.42392738
2/24/2011,0.456199063,0.423317921
2/25/2011,0.365638022,0.419927546
2/28/2011,0.419579775,0.421215325
3/1/2011,0.423721622,0.422756508
3/2/2011,0.430725534,0.423758797
3/3/2011,0.443422166,0.424416841
3/4/2011,0.362678765,0.420258572
3/7/2011,0.385481184,0.418458863
3/8/2011,0.426871808,0.417890202
3/9/2011,0.383338945,0.414426316
3/10/2011,0.428178939,0.412010498
3/11/2011,0.361721399,0.407442526
3/14/2011,0.364238536,0.403987497
3/15/2011,0.454419602,0.407591675
3/16/2011,0.374562443,0.404489766
3/17/2011,0.406922445,0.404000736
3/18/2011,0.403050128,0.403293648
3/21/2011,0.415117492,0.405771491
3/22/2011,0.450713483,0.407392228
3/23/2011,0.43591761,0.409624948
3/24/2011,0.450188092,0.409324399
3/25/2011,0.396739608,0.410879479
3/28/2011,0.336031688,0.406702074
3/29/2011,0.415182463,0.406275116
3/30/2011,0.420221574,0.405749918
3/31/2011,0.422519779,0.404704799
4/1/2011,0.369012812,0.405021501
4/4/2011,0.371035847,0.404299235
4/5/2011,0.410117959,0.403461542
4/6/2011,0.415581859,0.405073688
4/7/2011,0.394570752,0.403393279
4/8/2011,0.356911982,0.403152808
4/11/2011,0.33678756,0.401780259
4/12/2011,0.391832115,0.398650885
4/13/2011,0.379129422,0.398879233
4/14/2011,0.398523181,0.39845927
4/15/2011,0.359347883,0.396274158
4/18/2011,0.334746166,0.392255592
4/19/2011,0.393396751,0.389389755
4/20/2011,0.417026412,0.388445195
4/25/2011,0.329116536,0.382391617
4/26/2011,0.404566385,0.382782956
4/27/2011,0.438360467,0.387899395
4/28/2011,0.427480944,0.388514319
4/29/2011,0.385571217,0.386781801
5/2/2011,0.394104896,0.385361057
5/3/2011,0.414460109,0.387633422
5/4/2011,0.443779176,0.391270589
5/5/2011,0.415025525,0.391515967
5/6/2011,0.397348709,0.390604309
5/9/2011,0.357636353,0.388757589
5/10/2011,0.429392153,0.392381598
5/11/2011,0.416314041,0.396357922
5/12/2011,0.457922686,0.399662451
5/13/2011,0.367401596,0.399076059
5/16/2011,0.317666358,0.395033218
5/17/2011,0.445660778,0.399348863
5/18/2011,0.429950466,0.404109078
5/19/2011,0.413077815,0.405093131
5/20/2011,0.411621017,0.404822861
5/23/2011,0.367588475,0.406746458
5/24/2011,0.400169349,0.406526606
5/25/2011,0.441216724,0.406669419
5/26/2011,0.37618848,0.404104796
5/31/2011,0.403326778,0.404992574
6/1/2011,0.391234439,0.404849051
6/2/2011,0.425269042,0.405389498
6/3/2011,0.406708742,0.403535976
6/6/2011,0.392795735,0.402424487
6/7/2011,0.419038076,0.403508955
6/8/2011,0.432752867,0.407264781
6/9/2011,0.399708696,0.405780608
6/10/2011,0.383558726,0.404142842
6/13/2011,0.37464061,0.399978738
6/14/2011,0.410220284,0.402119673
6/15/2011,0.434042311,0.40793847
6/16/2011,0.440860252,0.407698444
6/17/2011,0.356559148,0.404028878
6/20/2011,0.389866542,0.402868315
6/21/2011,0.429150212,0.403744774
6/22/2011,0.412725929,0.406001647
6/23/2011,0.440459159,0.408016138
6/24/2011,0.379720162,0.404941309
6/27/2011,0.414593657,0.406861568
6/28/2011,0.431193502,0.408254905
6/29/2011,0.409720775,0.409179221
6/30/2011,0.420756124,0.408953575
7/1/2011,0.324173341,0.404826805
7/5/2011,0.348177142,0.402595876
7/6/2011,0.406233397,0.401955642
7/7/2011,0.422249618,0.401430479
7/8/2011,0.371824335,0.400036261
7/11/2011,0.348883868,0.398302518
7/12/2011,0.456390768,0.402390026
7/13/2011,0.384235205,0.401090772
7/14/2011,0.413407588,0.400059036
7/15/2011,0.364200822,0.396226065
7/18/2011,0.354844012,0.396140308
7/19/2011,0.435886839,0.398441323
7/20/2011,0.423880679,0.398177846
7/21/2011,0.434712506,0.399277175
7/22/2011,0.417237716,0.398116103
7/25/2011,0.381666309,0.39821341
7/26/2011,0.417916407,0.398379548
7/27/2011,0.436039949,0.39862187
7/28/2011,0.462199182,0.40124579
7/29/2011,0.43963905,0.402189937
8/1/2011,0.428654822,0.407414011
8/2/2011,0.387348281,0.409372568
8/3/2011,0.417144749,0.409918135
8/4/2011,0.41069754,0.409340531
8/5/2011,0.375662177,0.409532424
8/8/2011,0.395986121,0.411887536
8/9/2011,0.470096313,0.412572813
8/10/2011,0.468340369,0.416778072
8/11/2011,0.477964356,0.42000591
8/12/2011,0.418160411,0.422703889
8/15/2011,0.425446722,0.426234025
8/16/2011,0.461311018,0.427505234
8/17/2011,0.432720781,0.427947239
8/18/2011,0.425054948,0.427464361
8/19/2011,0.39855176,0.426530063
8/22/2011,0.422358729,0.428564684
8/23/2011,0.435427153,0.429440221
8/24/2011,0.409832693,0.428129859
8/25/2011,0.469291009,0.42848445
8/26/2011,0.40251144,0.42662807
8/29/2011,0.363526371,0.423371647
8/30/2011,0.416526162,0.424830541
8/31/2011,0.475025676,0.427724587
9/1/2011,0.426881082,0.428533764
9/2/2011,0.334928919,0.426497102
9/6/2011,0.393558656,0.426375728
9/7/2011,0.441081727,0.424924999
9/8/2011,0.452300801,0.424123021
9/9/2011,0.428255208,0.421637563
9/12/2011,0.400156866,0.420737386
9/13/2011,0.445228273,0.421726464
9/14/2011,0.48452396,0.422887111
9/15/2011,0.471753005,0.424838722
9/16/2011,0.420062569,0.424589103
9/19/2011,0.385720197,0.423947525
9/20/2011,0.460927025,0.42587594
9/21/2011,0.441715792,0.426190372
9/22/2011,0.49458303,0.430427888
9/23/2011,0.446410942,0.429283885
9/26/2011,0.447453183,0.431530972
9/27/2011,0.47441422,0.437075365
9/28/2011,0.469358755,0.439716994
9/29/2011,0.452556,0.43859351
9/30/2011,0.427664733,0.438632693
10/3/2011,0.418281676,0.442800331
10/4/2011,0.500319942,0.448138395
10/5/2011,0.472686404,0.449718629
10/6/2011,0.484330344,0.451320106
10/7/2011,0.471609561,0.453487824
10/11/2011,0.464832948,0.456721628
10/12/2011,0.465113678,0.457715898
10/13/2011,0.504149122,0.458697156
10/14/2011,0.43388471,0.456803742
10/17/2011,0.42135693,0.45686846
10/18/2011,0.450674649,0.460116182
10/19/2011,0.458962704,0.460017966
10/20/2011,0.444781706,0.460171262
10/21/2011,0.499831847,0.460433703
10/24/2011,0.42730469,0.45947839
10/25/2011,0.459549277,0.460083195
10/26/2011,0.458737831,0.459299375
10/27/2011,0.471969326,0.459429904
10/28/2011,0.438282146,0.458716211
10/31/2011,0.447822142,0.459724082
11/1/2011,0.436547655,0.460637381
11/2/2011,0.440757999,0.457659283
11/3/2011,0.476371486,0.457843537
11/4/2011,0.489484913,0.458101266
11/7/2011,0.419798787,0.455510727
11/8/2011,0.465109367,0.455524548
11/9/2011,0.477748922,0.45615631
11/10/2011,0.423118716,0.45210479
11/14/2011,0.425106706,0.45166589
11/15/2011,0.519665906,0.456581339
11/16/2011,0.474069852,0.457751099
11/17/2011,0.474736286,0.458539778
11/18/2011,0.464516365,0.459526511
11/21/2011,0.429873649,0.456028601
11/22/2011,0.482896265,0.45880818
11/23/2011,0.365046122,0.454083022
11/28/2011,0.43101758,0.45269701
11/29/2011,0.52033589,0.455115338
11/30/2011,0.497996522,0.458101057
12/1/2011,0.504632122,0.460941556
12/2/2011,0.487121909,0.463470268
12/5/2011,0.461704132,0.464517575
12/6/2011,0.472846437,0.464341322
12/7/2011,0.538804037,0.466807279
12/8/2011,0.474943174,0.469564498
12/9/2011,0.46650587,0.469634323
12/12/2011,0.409012527,0.466197503
12/13/2011,0.487280099,0.469405572
12/14/2011,0.472185435,0.471759509
12/15/2011,0.478086826,0.469680555
12/16/2011,0.419077766,0.466930951
12/19/2011,0.394247043,0.462906488
12/20/2011,0.438951046,0.461628222
12/21/2011,0.414045697,0.460836825
12/22/2011,0.428022103,0.458093117
12/27/2011,0.330079737,0.456344798
12/28/2011,0.325273037,0.45105757
12/29/2011,0.402734153,0.445177483
1/3/2012,0.473073334,0.443931324
1/4/2012,0.49976138,0.443687787
1/5/2012,0.491758213,0.443919602
1/6/2012,0.492116708,0.445440231
1/9/2012,0.44247619,0.443921719
1/10/2012,0.496122615,0.441787648
1/11/2012,0.498847081,0.442982843
1/12/2012,0.498594241,0.444587261
1/13/2012,0.450981095,0.44668569
1/17/2012,0.431474354,0.443895403
1/18/2012,0.359138783,0.43824307
1/19/2012,0.484985643,0.438588011
1/20/2012,0.515968822,0.443432564
1/23/2012,0.470486067,0.447244515
1/24/2012,0.4925218,0.449923053
1/25/2012,0.51800812,0.455121174
1/26/2012,0.503672454,0.458903691
1/27/2012,0.48930469,0.466864939
1/30/2012,0.437379715,0.472470273
1/31/2012,0.472012401,0.475934185
2/1/2012,0.529332048,0.478747121
2/2/2012,0.514644132,0.479491259
2/3/2012,0.480587428,0.478932719
2/6/2012,0.430659426,0.475859855
2/7/2012,0.467604419,0.477116267
2/8/2012,0.495492701,0.477084771
2/9/2012,0.520601756,0.478172505
2/10/2012,0.480738467,0.477279716
2/13/2012,0.445779003,0.477019611
2/14/2012,0.512278636,0.481059826
2/15/2012,0.52933473,0.489569623
2/16/2012,0.471597358,0.488900209
2/17/2012,0.447861046,0.48549482
2/21/2012,0.418694534,0.482905243
2/22/2012,0.4528173,0.480920018
2/23/2012,0.49541314,0.479790269
2/24/2012,0.474675394,0.478340416
2/27/2012,0.444400427,0.476095203
2/28/2012,0.438944236,0.476173429
2/29/2012,0.480376279,0.476591623
3/1/2012,0.45313129,0.472781585
3/2/2012,0.451563385,0.469627548
3/5/2012,0.470259559,0.469111154
3/6/2012,0.517616166,0.473458991
3/7/2012,0.504660828,0.475311812
3/8/2012,0.468645239,0.473969439
3/9/2012,0.427274125,0.469303057
3/12/2012,0.391672939,0.464849781
3/13/2012,0.486118847,0.466866773
3/14/2012,0.4799271,0.465249196
3/15/2012,0.455277045,0.461546312
3/16/2012,0.445278562,0.460230372
3/19/2012,0.397205707,0.457697605
3/20/2012,0.468814873,0.460203622
3/21/2012,0.477465415,0.461436028
3/22/2012,0.472284913,0.460279617
3/23/2012,0.422715555,0.457681625
3/26/2012,0.411589548,0.456041081
3/27/2012,0.425286636,0.455358201
3/28/2012,0.465017318,0.454590253
3/29/2012,0.448758681,0.454371622
3/30/2012,0.400295454,0.451808225
4/2/2012,0.415525768,0.449071536
4/3/2012,0.444880264,0.445434741
4/4/2012,0.464174073,0.443410403
4/5/2012,0.407954007,0.440375841
4/9/2012,0.40910567,0.439467419
4/10/2012,0.454196239,0.442593584
4/11/2012,0.429684224,0.439771853
4/12/2012,0.491487007,0.440349848
4/13/2012,0.480589885,0.44161549
4/16/2012,0.457432695,0.442223197
4/17/2012,0.450196679,0.444872745
4/18/2012,0.450496923,0.443956848
4/19/2012,0.41839323,0.441003238
4/20/2012,0.438343912,0.439306188
4/23/2012,0.424073249,0.439374073
4/24/2012,0.446449129,0.441117052
4/25/2012,0.478488175,0.443777129
4/26/2012,0.468721143,0.44396232
4/27/2012,0.428490326,0.442948903
4/30/2012,0.440217072,0.444944984
5/1/2012,0.430618176,0.445699604
5/2/2012,0.443156117,0.445613397
5/3/2012,0.459289601,0.445369173
5/4/2012,0.417037768,0.445823361
5/7/2012,0.435781106,0.447157133
5/8/2012,0.458986638,0.447396653
5/9/2012,0.48868143,0.450346513
5/10/2012,0.462988813,0.448921603
5/11/2012,0.446278219,0.44720602
5/14/2012,0.440053646,0.446337068
5/15/2012,0.484673338,0.448060901
5/16/2012,0.442663448,0.447669227
5/17/2012,0.455643493,0.44953174
5/18/2012,0.464679777,0.450848533
5/21/2012,0.419403336,0.450615038
5/22/2012,0.483149113,0.452450037
5/23/2012,0.501747195,0.453612988
5/24/2012,0.453607915,0.452857326
5/29/2012,0.442321528,0.453548887
5/30/2012,0.457716065,0.454423836
5/31/2012,0.465202501,0.456153052
6/1/2012,0.420826633,0.455036578
6/4/2012,0.415564356,0.452850316
6/5/2012,0.419075917,0.452952223
6/6/2012,0.476424942,0.454984415
6/7/2012,0.432537105,0.453661939
6/8/2012,0.422879716,0.450371853
6/11/2012,0.4431065,0.449377737
6/12/2012,0.447253041,0.449426478
6/13/2012,0.437617628,0.449304677
6/14/2012,0.436208882,0.446881455
6/15/2012,0.390410749,0.44426882
6/18/2012,0.388304462,0.440901868
6/19/2012,0.460987516,0.440717255
6/20/2012,0.479657269,0.443729952
6/21/2012,0.445688879,0.44185694
6/22/2012,0.483034017,0.440921281
6/25/2012,0.411519548,0.438816863
6/26/2012,0.452939415,0.439347757
6/27/2012,0.482355078,0.440579708
6/28/2012,0.443891668,0.439514166
6/29/2012,0.425425618,0.439744115
7/2/2012,0.434766138,0.440704204
7/5/2012,0.385153189,0.439008068
7/6/2012,0.303211127,0.430347377
7/9/2012,0.454111314,0.431426088
7/10/2012,0.462619024,0.433413053
7/11/2012,0.451442993,0.433829878
7/12/2012,0.494232014,0.436178826
7/13/2012,0.394899139,0.434042902
7/16/2012,0.429617301,0.433713323
7/17/2012,0.446261026,0.436505837
7/18/2012,0.462759646,0.440228596
7/19/2012,0.472304611,0.440794451
7/20/2012,0.453701181,0.439496646
7/23/2012,0.45324574,0.439874489
7/24/2012,0.475213528,0.439483465
7/25/2012,0.468635892,0.442339282
7/26/2012,0.460828424,0.442733733
7/27/2012,0.427932658,0.440012612
7/30/2012,0.417577081,0.438696882
7/31/2012,0.509903308,0.442920767
8/1/2012,0.487130791,0.445538999
8/2/2012,0.460818604,0.44932227
8/3/2012,0.417944383,0.455058933
8/6/2012,0.398312869,0.452269011
8/7/2012,0.506900413,0.45448308
8/8/2012,0.494329861,0.456627423
8/9/2012,0.494850924,0.456658369
8/10/2012,0.458249022,0.459825863
8/13/2012,0.398477631,0.45826888
8/14/2012,0.461074014,0.459009529
8/15/2012,0.456766417,0.458709868
8/16/2012,0.471378797,0.458663577
8/17/2012,0.406928907,0.456324963
8/20/2012,0.415872784,0.454456315
8/21/2012,0.454356404,0.453413459
8/22/2012,0.447705041,0.452366917
8/23/2012,0.473318577,0.452991424
8/24/2012,0.384973195,0.450843451
8/27/2012,0.413005991,0.450614897
8/28/2012,0.439973203,0.447118391
8/29/2012,0.410835308,0.443303617
8/30/2012,0.435437385,0.442034556
8/31/2012,0.367018007,0.439488238
9/4/2012,0.406891462,0.439917167
9/5/2012,0.494132592,0.439278776
9/6/2012,0.511802109,0.440152388
9/7/2012,0.450904842,0.437955084
9/10/2012,0.44961735,0.437523501
9/11/2012,0.537088901,0.444454064
9/12/2012,0.483789996,0.445589863
9/13/2012,0.483917857,0.446947435
9/14/2012,0.467291862,0.446743089
9/17/2012,0.447896797,0.448791483
9/18/2012,0.456358151,0.450815751
9/19/2012,0.495959427,0.452895903
9/20/2012,0.508211337,0.455921217
9/21/2012,0.466718854,0.455591231
9/24/2012,0.437336523,0.458209398
9/25/2012,0.478093638,0.46146378
9/26/2012,0.485700037,0.463750122
9/27/2012,0.48413237,0.467414975
9/28/2012,0.43944378,0.467615294
10/1/2012,0.427973657,0.470663077
10/2/2012,0.463742058,0.473505607
10/3/2012,0.456228421,0.471610398
10/4/2012,0.426554615,0.467348024
10/5/2012,0.426451194,0.466125341
10/9/2012,0.452176071,0.466253277
10/10/2012,0.491229222,0.463960293
10/11/2012,0.446570523,0.46209932
10/12/2012,0.419324717,0.458869663
10/15/2012,0.400305216,0.45552033
10/16/2012,0.499832681,0.458117125
10/17/2012,0.504341003,0.460516267
10/18/2012,0.482284387,0.459832515
10/19/2012,0.462172895,0.457530593
10/22/2012,0.415765898,0.454982945
10/23/2012,0.488721455,0.457552192
10/24/2012,0.455958664,0.456445443
10/25/2012,0.475206848,0.455920784
10/26/2012,0.407468903,0.45208761
10/30/2012,0.510835405,0.455657192
10/31/2012,0.395870084,0.454052013
11/1/2012,0.431964101,0.452463115
11/2/2012,0.477770243,0.453540206
11/5/2012,0.466210301,0.455522991
11/6/2012,0.483692359,0.458385049
11/7/2012,0.458264575,0.458689474
11/8/2012,0.478974655,0.458076746
11/9/2012,0.419747625,0.456735601
11/13/2012,0.457254031,0.458632066
11/14/2012,0.435032245,0.460368418
11/15/2012,0.493196768,0.460036622
11/16/2012,0.435909729,0.456615059
11/19/2012,0.415204082,0.453261043
11/20/2012,0.464444601,0.453374629
11/21/2012,0.363694045,0.450771036
11/26/2012,0.417519166,0.447210922
11/27/2012,0.498791642,0.44935257
11/28/2012,0.501543408,0.450669398
11/29/2012,0.529353003,0.456763603
11/30/2012,0.470069652,0.454725316
12/3/2012,0.456568272,0.457760225
12/4/2012,0.475059445,0.459914992
12/5/2012,0.485915585,0.46032226
12/6/2012,0.484372548,0.461230372
12/7/2012,0.4744631,0.460768909
12/10/2012,0.424870752,0.459099218
12/11/2012,0.490393571,0.459670164
12/12/2012,0.473580144,0.462361789
12/13/2012,0.490885014,0.464043339
12/14/2012,0.452158175,0.464899635
12/17/2012,0.41925188,0.461202391
12/18/2012,0.487741196,0.463793964
12/19/2012,0.437669464,0.464917233
12/20/2012,0.38730446,0.461060226
12/21/2012,0.355839519,0.4606675
12/26/2012,0.310053823,0.455294233
12/27/2012,0.356131471,0.448161224
12/28/2012,0.234268308,0.434797469
1/2/2013,0.386462434,0.427652941
1/3/2013,0.433921464,0.425845531
1/4/2013,0.438835816,0.424958908
1/7/2013,0.416378457,0.422024859
1/8/2013,0.521138906,0.423786025
1/9/2013,0.503488853,0.42474184
1/10/2013,0.490451853,0.425541278
1/11/2013,0.446820016,0.426638741
1/14/2013,0.426557431,0.423446934
1/15/2013,0.473693744,0.423452614
1/16/2013,0.528914753,0.425354101
1/17/2013,0.497349653,0.427613675
1/18/2013,0.453246766,0.429313419
1/22/2013,0.46212071,0.428032395
1/23/2013,0.465598074,0.429428826
1/24/2013,0.477944648,0.433960835
1/25/2013,0.459245657,0.439131142
1/28/2013,0.464869194,0.44687191
1/29/2013,0.487143116,0.453422493
1/30/2013,0.494242493,0.466421202
1/31/2013,0.493076024,0.471751881
2/1/2013,0.449604728,0.472536045
2/4/2013,0.428642207,0.472026364
2/5/2013,0.456373975,0.47402614
2/6/2013,0.491550714,0.47254673
2/7/2013,0.481485173,0.471446546
2/8/2013,0.358755465,0.464861727
2/11/2013,0.404426694,0.462742061
2/12/2013,0.448612535,0.463844816
2/13/2013,0.435896692,0.461954964
2/14/2013,0.453360222,0.458177237
2/15/2013,0.42279178,0.454449343
2/19/2013,0.400138396,0.451793925
2/20/2013,0.496360128,0.453505896
2/21/2013,0.505609435,0.455506464
2/22/2013,0.470560596,0.455137261
2/25/2013,0.42270033,0.453309995
2/26/2013,0.515972444,0.455865157
2/27/2013,0.476990988,0.455357551
2/28/2013,0.493138284,0.455302341
3/1/2013,0.431724684,0.452234774
3/4/2013,0.426844732,0.451096774
3/5/2013,0.407950261,0.450062176
3/6/2013,0.469784237,0.45073269
3/7/2013,0.459922428,0.449151275
3/8/2013,0.456309153,0.447892474
3/11/2013,0.438810147,0.451895208
3/12/2013,0.468418593,0.455094803
3/13/2013,0.429177342,0.454123044
3/14/2013,0.411393164,0.452897867
3/15/2013,0.401624075,0.45031106
3/18/2013,0.375108778,0.44792691
3/19/2013,0.431344475,0.449487214
3/20/2013,0.473944306,0.448366423
3/21/2013,0.441215707,0.445146736
3/22/2013,0.396246232,0.441431018
3/25/2013,0.432856533,0.441938828
3/26/2013,0.445245116,0.438402462
3/27/2013,0.408470455,0.434976435
4/1/2013,0.370893282,0.428864185
4/2/2013,0.441970263,0.429376464
4/3/2013,0.469069827,0.431487719
4/4/2013,0.503353855,0.436257898
4/5/2013,0.442906796,0.434914026
4/8/2013,0.407983851,0.432317098
4/9/2013,0.443200047,0.431661642
4/10/2013,0.46525945,0.432984107
4/11/2013,0.421210471,0.430623701
4/12/2013,0.354204249,0.426875047
4/15/2013,0.4307421,0.427842493
4/16/2013,0.412005054,0.428361542
4/17/2013,0.479964636,0.433604335
4/18/2013,0.423337028,0.433203963
4/19/2013,0.369304316,0.427971963
4/22/2013,0.394476951,0.425635026
4/23/2013,0.434000689,0.427522748
4/24/2013,0.43266612,0.427513228
4/25/2013,0.424992196,0.426500582
4/26/2013,0.414243667,0.426789242
4/29/2013,0.406958397,0.428592498
4/30/2013,0.422463825,0.427617176
5/1/2013,0.473197097,0.42782354
5/2/2013,0.413584134,0.423335054
5/3/2013,0.435357443,0.422957586
5/6/2013,0.375435584,0.421330173
5/7/2013,0.471338157,0.422737078
5/8/2013,0.471350315,0.423041621
5/9/2013,0.445917196,0.424276958
5/10/2013,0.442758409,0.428704666
5/13/2013,0.415249841,0.427930053
5/14/2013,0.463326751,0.430496138
5/15/2013,0.430320878,0.42801395
5/16/2013,0.468331155,0.430263656
5/17/2013,0.396939647,0.431645423
5/20/2013,0.433774803,0.433610315
5/21/2013,0.435672733,0.433693917
5/22/2013,0.449456321,0.434533428
5/23/2013,0.447357315,0.435651683
5/28/2013,0.432123729,0.436545687
5/29/2013,0.476419158,0.440018725
5/30/2013,0.472242088,0.442507638
5/31/2013,0.468690849,0.442282325
6/3/2013,0.427428771,0.442974557
6/4/2013,0.463272019,0.444370286
6/5/2013,0.488602029,0.450028608
6/6/2013,0.486987707,0.450811086
6/7/2013,0.424109636,0.448449052
6/10/2013,0.427328293,0.447519607
6/11/2013,0.431762323,0.446969802
6/12/2013,0.449751662,0.448694893
6/13/2013,0.441395504,0.447598331
6/14/2013,0.414554343,0.446810004
6/17/2013,0.43031778,0.444909335
6/18/2013,0.497020336,0.44991337
6/19/2013,0.423735679,0.449411414
6/20/2013,0.481064132,0.451680984
6/21/2013,0.454527432,0.451934539
6/24/2013,0.460254982,0.452579423
6/25/2013,0.473986842,0.454672578
6/26/2013,0.473473229,0.454525282
6/27/2013,0.43691325,0.45275884
6/28/2013,0.423019218,0.450475258
7/1/2013,0.400436046,0.449125622
7/2/2013,0.427704931,0.447347268
7/5/2013,0.277077891,0.436771061
7/8/2013,0.411096274,0.432976489
7/9/2013,0.498844804,0.436713248
7/10/2013,0.450105913,0.437852129
7/11/2013,0.443603102,0.438444168
7/12/2013,0.427235072,0.437318338
7/15/2013,0.394667051,0.434981915
7/16/2013,0.47930821,0.438219609
7/17/2013,0.461873487,0.439797394
7/18/2013,0.476095105,0.438751133
7/19/2013,0.435749886,0.439351843
7/22/2013,0.425369719,0.436567122
7/23/2013,0.463035896,0.436992545
7/24/2013,0.453538321,0.436656712
7/25/2013,0.446007969,0.435257769
7/26/2013,0.429797598,0.433073987
7/29/2013,0.429034479,0.432680049
7/30/2013,0.432378546,0.433148015
7/31/2013,0.466389152,0.43644567
8/1/2013,0.45327668,0.437724258
8/2/2013,0.42212881,0.444976804
8/5/2013,0.374189859,0.443131483
8/6/2013,0.424317749,0.43940513
8/7/2013,0.428189244,0.438309297
8/8/2013,0.42187339,0.437222811
8/9/2013,0.376012606,0.434661688
8/12/2013,0.402071549,0.435031913
8/13/2013,0.43780476,0.43295674
8/14/2013,0.442356816,0.431980907
8/15/2013,0.423810769,0.42936669
8/16/2013,0.372352795,0.426196835
8/19/2013,0.364715834,0.423164141
8/20/2013,0.454099227,0.422717308
8/21/2013,0.417990038,0.420939894
8/22/2013,0.391931459,0.418236068
8/23/2013,0.365028547,0.414997616
8/26/2013,0.341491512,0.410620467
8/27/2013,0.423325208,0.4101678
8/28/2013,0.387940144,0.40624535
8/29/2013,0.393136578,0.403238345
8/30/2013,0.331958359,0.398729822
9/3/2013,0.44578708,0.402309683
9/4/2013,0.462617189,0.404224655
9/5/2013,0.468008607,0.406215623
9/6/2013,0.424055175,0.406324713
9/9/2013,0.401719284,0.407610046
9/10/2013,0.454826627,0.4102478
9/11/2013,0.582184528,0.417466789
9/12/2013,0.53152296,0.421925096
9/13/2013,0.497549004,0.425612008
9/16/2013,0.485119109,0.431250323
9/17/2013,0.495617183,0.437795391
9/18/2013,0.48650749,0.439415804
9/19/2013,0.459700386,0.441501321
9/20/2013,0.439288392,0.443869168
9/23/2013,0.450014379,0.44811846
9/24/2013,0.491821119,0.45563494
9/25/2013,0.46361713,0.457649536
9/26/2013,0.471602452,0.461832651
9/27/2013,0.423558973,0.463353771
9/30/2013,0.45675401,0.469593554
10/1/2013,0.419955167,0.468301958
10/2/2013,0.474334171,0.468887807
10/3/2013,0.490397614,0.470007258
10/4/2013,0.430295437,0.470319271
10/7/2013,0.357641954,0.468115404
10/8/2013,0.439946594,0.467371403
10/9/2013,0.41976729,0.459250541
10/10/2013,0.415710183,0.453459902
10/11/2013,0.422973223,0.449731113
10/15/2013,0.406081609,0.445779238
10/16/2013,0.447740273,0.443385392
10/17/2013,0.436406669,0.440880351
10/18/2013,0.386032752,0.43719697
10/21/2013,0.385293614,0.434497231
10/22/2013,0.425253125,0.433259168
10/23/2013,0.467866803,0.432061452
10/24/2013,0.440806626,0.430920927
10/25/2013,0.409362664,0.427808938
10/28/2013,0.411066468,0.427184312
10/29/2013,0.440357706,0.426364497
10/30/2013,0.457921703,0.428262824
10/31/2013,0.443800086,0.42673612
11/1/2013,0.444999359,0.424466207
11/4/2013,0.42325036,0.424113953
11/5/2013,0.455514472,0.429007579
11/6/2013,0.409118206,0.42746616
11/7/2013,0.412401597,0.427097875
11/8/2013,0.356649039,0.424144818
11/12/2013,0.557561314,0.430874222
11/13/2013,0.423624099,0.431751347
11/14/2013,0.442626239,0.431495645
11/15/2013,0.413568916,0.430353757
11/18/2013,0.401724923,0.431138366
11/19/2013,0.440343914,0.433890881
11/20/2013,0.448412317,0.43504884
11/21/2013,0.422959841,0.432803492
11/22/2013,0.421489473,0.431837635
11/25/2013,0.394984087,0.431118706
11/26/2013,0.442885281,0.432709646
11/27/2013,0.35483592,0.428433557
12/2/2013,0.421532686,0.426614106
12/3/2013,0.456475091,0.427247857
12/4/2013,0.412269916,0.425611384
12/5/2013,0.424537973,0.425675765
12/6/2013,0.387730318,0.422286557
12/9/2013,0.400260984,0.421843696
12/10/2013,0.424319064,0.42243957
12/11/2013,0.463375286,0.427775882
12/12/2013,0.428421183,0.421318875
12/13/2013,0.41786221,0.421030781
12/16/2013,0.368390124,0.417318975
12/17/2013,0.444163423,0.418848701
12/18/2013,0.44624649,0.421074779
12/19/2013,0.414329359,0.419774051
12/20/2013,0.349965656,0.414851718
12/23/2013,0.316868097,0.409547131
12/26/2013,0.249744988,0.400959907
12/27/2013,0.286185097,0.395519957
12/30/2013,0.333032132,0.3900273
1/2/2014,0.387493286,0.391660168
1/3/2014,0.301576366,0.385662352
1/6/2014,0.435978623,0.384637529
1/7/2014,0.481282018,0.388088134
1/8/2014,0.472073447,0.390464908
1/9/2014,0.47743402,0.394950093
1/10/2014,0.457891281,0.397831608
1/13/2014,0.410577841,0.397144546
1/14/2014,0.473110672,0.397631316
1/15/2014,0.448043414,0.398612427
1/16/2014,0.46213154,0.400825894
1/17/2014,0.411674067,0.402990091
1/21/2014,0.390053421,0.400284591
1/22/2014,0.458739145,0.400909224
1/23/2014,0.454935302,0.402939521
1/24/2014,0.437018808,0.407292178
1/27/2014,0.427707549,0.412834151
1/28/2014,0.442004972,0.42244715
1/29/2014,0.411459568,0.428710874
1/30/2014,0.43210775,0.433664655
1/31/2014,0.41618788,0.435099384
2/3/2014,0.36673854,0.438357493
2/4/2014,0.434857499,0.438301437
2/5/2014,0.42531715,0.435503193
2/6/2014,0.474324378,0.43561574
2/7/2014,0.435640335,0.433526056
2/10/2014,0.411955004,0.431229242
2/11/2014,0.405320339,0.430966367
2/12/2014,0.402772287,0.427449447
2/13/2014,0.552028307,0.432648692
2/14/2014,0.434921985,0.431288214
2/18/2014,0.43666664,0.432537843
2/19/2014,0.442300986,0.435150221
2/20/2014,0.444984031,0.434462465
2/21/2014,0.410877657,0.432259583
2/24/2014,0.419220573,0.431369671
2/25/2014,0.467059295,0.433337259
2/26/2014,0.466433782,0.434558699
2/27/2014,0.44318914,0.436145178
2/28/2014,0.434206469,0.436250114
3/3/2014,0.394878168,0.435184628
3/4/2014,0.429642202,0.438329811
3/5/2014,0.44468829,0.438821351
3/6/2014,0.496405859,0.442375786
3/7/2014,0.43670013,0.440494574
3/10/2014,0.398955881,0.438660351
3/11/2014,0.464057529,0.441265477
3/12/2014,0.462594718,0.444129196
3/13/2014,0.451710582,0.446576111
3/14/2014,0.403139603,0.439131676
3/17/2014,0.381505553,0.436460854
3/18/2014,0.446884368,0.436971741
3/19/2014,0.400001255,0.434856754
3/20/2014,0.416076355,0.43341137
3/21/2014,0.369417052,0.43133834
3/24/2014,0.415877163,0.43117117
3/25/2014,0.438674592,0.429751935
3/26/2014,0.443666032,0.428613547
3/27/2014,0.471082518,0.430008216
3/28/2014,0.45499958,0.431047871
3/31/2014,0.41378461,0.431993194
4/1/2014,0.470778315,0.434049999
4/2/2014,0.485865379,0.436108854
4/3/2014,0.477820272,0.435179574
4/4/2014,0.455631908,0.436126163
4/7/2014,0.448745096,0.438615624
4/8/2014,0.466011339,0.438713314
4/9/2014,0.431403651,0.437153761
4/10/2014,0.440703517,0.436603408
4/11/2014,0.390466926,0.435969774
4/14/2014,0.409341965,0.437361595
4/15/2014,0.471212089,0.438577981
4/16/2014,0.450155094,0.441085673
4/21/2014,0.42644208,0.441603959
4/22/2014,0.473635758,0.446814894
4/23/2014,0.506166251,0.451329349
4/24/2014,0.463279773,0.452559608
4/25/2014,0.416630751,0.451207844
4/28/2014,0.438941058,0.449600771
4/29/2014,0.471470416,0.450424312
4/30/2014,0.518241747,0.455647169
5/1/2014,0.456235162,0.454920012
5/2/2014,0.48434161,0.454843823
5/5/2014,0.426456789,0.452275649
5/6/2014,0.473615308,0.453174819
5/7/2014,0.483888634,0.454931996
5/8/2014,0.471551274,0.455208993
5/9/2014,0.42613504,0.454945562
5/12/2014,0.438008703,0.454810822
5/13/2014,0.467782553,0.458676603
5/14/2014,0.509696499,0.46369433
5/15/2014,0.479607161,0.464114083
5/16/2014,0.451730436,0.46419285
5/19/2014,0.433821978,0.464561845
5/20/2014,0.425556629,0.462157889
5/21/2014,0.477902633,0.460744708
5/22/2014,0.442154745,0.459688456
5/27/2014,0.450816292,0.461397733
5/28/2014,0.443998579,0.461650609
5/29/2014,0.461548264,0.461154502
5/30/2014,0.465908436,0.458537836
6/2/2014,0.380373625,0.454744759
6/3/2014,0.489084992,0.454981929
6/4/2014,0.461174615,0.45671782
6/5/2014,0.464746283,0.456274369
6/6/2014,0.441964195,0.454178147
6/9/2014,0.445619166,0.452881541
6/10/2014,0.438518339,0.453500706
6/11/2014,0.453680393,0.454284291
6/12/2014,0.481135501,0.454951938
6/13/2014,0.417299684,0.450332097
6/16/2014,0.408827152,0.446793097
6/17/2014,0.471030931,0.447758122
6/18/2014,0.453956718,0.448764859
6/19/2014,0.451867714,0.450080413
6/20/2014,0.452027954,0.448786679
6/23/2014,0.397565332,0.446557208
6/24/2014,0.467524086,0.447392598
6/25/2014,0.452408193,0.447813079
6/26/2014,0.435706754,0.446521003
6/27/2014,0.409946013,0.443722882
6/30/2014,0.453339818,0.447371192
7/1/2014,0.464831703,0.446158527
7/2/2014,0.463759653,0.446287779
7/7/2014,0.507467415,0.448423836
7/8/2014,0.480868866,0.450369069
7/9/2014,0.499644699,0.453070346
7/10/2014,0.48139818,0.455214338
7/11/2014,0.457501771,0.455405407
7/14/2014,0.426572776,0.452677271
7/15/2014,0.486035364,0.456114055
7/16/2014,0.475426371,0.459444015
7/17/2014,0.465028408,0.459143889
7/18/2014,0.430894085,0.457990758
7/21/2014,0.440576192,0.457426182
7/22/2014,0.490524956,0.459351032
7/23/2014,0.488219128,0.463883721
7/24/2014,0.483028512,0.464658943
7/25/2014,0.417788314,0.462927949
7/28/2014,0.471319968,0.46470861
7/29/2014,0.474802982,0.467951458
7/30/2014,0.472284624,0.468898698
7/31/2014,0.479146473,0.469614437
8/1/2014,0.467794191,0.469816164
8/4/2014,0.417148136,0.4653002
8/5/2014,0.504687023,0.466491108
8/6/2014,0.537494337,0.468383589
8/7/2014,0.488982058,0.468762783
8/8/2014,0.448959689,0.468335679
8/11/2014,0.436339263,0.468824004
8/12/2014,0.488650006,0.468954736
8/13/2014,0.49291038,0.469828936
8/14/2014,0.460478713,0.469601451
8/15/2014,0.375191585,0.466816326
8/18/2014,0.406736177,0.465124326
8/19/2014,0.492670302,0.465231593
8/20/2014,0.493883284,0.465514801
8/21/2014,0.485538045,0.465640278
8/22/2014,0.454372733,0.467469498
8/25/2014,0.428480347,0.465327517
8/26/2014,0.480042642,0.4655895
8/27/2014,0.492094348,0.466579987
8/28/2014,0.472253275,0.466235327
8/29/2014,0.414391882,0.463565211
9/2/2014,0.446696046,0.465042607
9/3/2014,0.481798404,0.463898176
9/4/2014,0.48692905,0.461369911
9/5/2014,0.475199517,0.460680784
9/8/2014,0.447069851,0.460586292
9/9/2014,0.458982212,0.46171844
9/10/2014,0.474036966,0.460987788
9/11/2014,0.51180191,0.461932364
9/12/2014,0.503050548,0.464060956
9/15/2014,0.49584172,0.470093463
9/16/2014,0.478721569,0.473692732
9/17/2014,0.49150751,0.473634593
9/18/2014,0.488086054,0.473344731
9/19/2014,0.447797584,0.471457708
9/22/2014,0.420278546,0.469752999
9/23/2014,0.502861299,0.473472047
9/24/2014,0.50656828,0.474798329
9/25/2014,0.459565504,0.473171886
9/26/2014,0.47067806,0.473093126
9/29/2014,0.454304548,0.475088759
9/30/2014,0.508750063,0.47819146
10/1/2014,0.494274507,0.478815265
10/2/2014,0.525514696,0.480744547
10/3/2014,0.489530747,0.481461109
10/6/2014,0.473421549,0.482778694
10/7/2014,0.502767648,0.484967965
10/8/2014,0.499900479,0.486261141
10/9/2014,0.490484992,0.485195295
10/10/2014,0.462221232,0.483153829
10/14/2014,0.501485845,0.483436035
10/15/2014,0.516278393,0.485313877
10/16/2014,0.522029734,0.486839988
10/17/2014,0.507943712,0.487832871
10/20/2014,0.497162763,0.49030113
10/21/2014,0.493086181,0.493941512
10/22/2014,0.530392301,0.495318062
10/23/2014,0.514888701,0.495734083
10/24/2014,0.452631542,0.495387385
10/27/2014,0.414963664,0.492601665
10/28/2014,0.486502117,0.494211543
10/29/2014,0.505632873,0.494055684
10/30/2014,0.501135295,0.494398723
10/31/2014,0.476487217,0.491947349
11/3/2014,0.461325387,0.490537081
11/4/2014,0.481988194,0.490965414
11/5/2014,0.520413229,0.491847693
11/6/2014,0.493648269,0.491535082
11/7/2014,0.507600867,0.492390876
11/10/2014,0.445467927,0.491553211
11/12/2014,0.498045292,0.491381183
11/13/2014,0.514222977,0.491278412
11/14/2014,0.481230942,0.489238473
11/17/2014,0.499765746,0.488829574
11/18/2014,0.501494688,0.489046171
11/19/2014,0.51406399,0.490095061
11/20/2014,0.50382386,0.488766639
11/21/2014,0.478653603,0.486954884
11/24/2014,0.502418692,0.489444242
11/25/2014,0.512725589,0.494332338
11/26/2014,0.410387248,0.490526594
12/1/2014,0.490769363,0.489783419
12/2/2014,0.504778186,0.489965563
12/3/2014,0.521346151,0.49220851
12/4/2014,0.509168413,0.494600661
12/5/2014,0.509797719,0.495991138
12/8/2014,0.481883818,0.494064667
12/9/2014,0.509290638,0.494846786
12/10/2014,0.509098121,0.494921648
12/11/2014,0.477291595,0.496512832
12/12/2014,0.502170356,0.496719085
12/15/2014,0.45773026,0.493894449
12/16/2014,0.544720601,0.497068932
12/17/2014,0.50165229,0.497163259
12/18/2014,0.51059388,0.497618219
12/19/2014,0.454816685,0.494655854
12/22/2014,0.420625648,0.490495943
12/23/2014,0.379878708,0.485557198
12/26/2014,0.227151213,0.471793824
12/29/2014,0.375157223,0.464915406
12/30/2014,0.409561899,0.464874138
1/2/2015,0.352126377,0.457941989
1/5/2015,0.490937725,0.457249966
1/6/2015,0.484958175,0.455430567
1/7/2015,0.530391779,0.456491736
1/8/2015,0.527820078,0.457392853
1/9/2015,0.503124685,0.458454897
1/12/2015,0.493450797,0.457662905
1/13/2015,0.521988491,0.458307423
1/14/2015,0.542859597,0.461585823
1/15/2015,0.511679903,0.462061301
1/16/2015,0.515369848,0.46494328
1/20/2015,0.511862671,0.463300384
1/21/2015,0.536819477,0.465058743
1/22/2015,0.532845565,0.466171327
1/23/2015,0.51586817,0.469223901
1/26/2015,0.498921669,0.473138702
1/27/2015,0.451664521,0.476727993
1/28/2015,0.558480795,0.493294472
1/29/2015,0.567032998,0.502888261
1/30/2015,0.495651907,0.507192761
2/2/2015,0.475116564,0.513342271
2/3/2015,0.547735641,0.516182167
2/4/2015,0.520270136,0.517947765
2/5/2015,0.539705221,0.518413437
2/6/2015,0.540703714,0.519057618
2/9/2015,0.491830242,0.518492896
2/10/2015,0.520377291,0.519839221
2/11/2015,0.529548077,0.5202172
2/12/2015,0.523887579,0.519268599
2/13/2015,0.536622509,0.52051573
2/17/2015,0.499629967,0.519728736
2/18/2015,0.534684252,0.520869815
2/19/2015,0.543033301,0.521180506
2/20/2015,0.499965847,0.51953652
2/23/2015,0.491604064,0.518323315
2/24/2015,0.533308949,0.520042679
2/25/2015,0.519739139,0.52344641
2/26/2015,0.523569877,0.521700864
2/27/2015,0.540138212,0.520356124
3/2/2015,0.485562415,0.51985165
3/3/2015,0.518467635,0.522019203
3/4/2015,0.51797657,0.52053125
3/5/2015,0.523318531,0.52068367
3/6/2015,0.53057826,0.520227321
3/9/2015,0.503115876,0.51834793
3/10/2015,0.551736035,0.521343219
3/11/2015,0.52337043,0.521492876
3/12/2015,0.529167516,0.521473848
3/13/2015,0.525323072,0.521545623
3/16/2015,0.476857572,0.518557376
3/17/2015,0.531303423,0.520141049
3/18/2015,0.507850872,0.51879938
3/19/2015,0.493851814,0.516340305
3/20/2015,0.475481698,0.515116098
3/23/2015,0.499703628,0.515521076
3/24/2015,0.538989041,0.515805081
3/25/2015,0.56173438,0.517904843
3/26/2015,0.519006473,0.517676673
3/27/2015,0.508595135,0.516099519
3/30/2015,0.511561681,0.517399482
3/31/2015,0.535535826,0.518252892
4/1/2015,0.498251842,0.517266655
4/2/2015,0.505539738,0.516377716
4/6/2015,0.457138986,0.512705752
4/7/2015,0.500964704,0.512598193
4/8/2015,0.494008549,0.509711819
4/9/2015,0.521379078,0.509612251
4/10/2015,0.514795726,0.508893662
4/13/2015,0.467301537,0.505992585
4/14/2015,0.517779357,0.508038674
4/15/2015,0.511462906,0.507046649
4/16/2015,0.500486176,0.506678414
4/17/2015,0.477781097,0.505874878
4/20/2015,0.494415096,0.506821548
4/21/2015,0.528606456,0.508266689
4/22/2015,0.5297978,0.507807127
4/23/2015,0.52427234,0.505934025
4/24/2015,0.509697769,0.50546859
4/27/2015,0.51668388,0.505873027
4/28/2015,0.54980342,0.507785114
4/29/2015,0.556931786,0.508854912
4/30/2015,0.548005783,0.511342609
5/1/2015,0.499811707,0.511056208
5/4/2015,0.480960423,0.51224728
5/5/2015,0.544327187,0.514415404
5/6/2015,0.53090802,0.516260377
5/7/2015,0.537158973,0.517049372
5/8/2015,0.518393446,0.517229258
5/11/2015,0.47639207,0.517683785
5/12/2015,0.516139627,0.517601798
5/13/2015,0.531685284,0.518612917
5/14/2015,0.5128913,0.519233173
5/15/2015,0.491523125,0.519920275
5/18/2015,0.435853234,0.516992182
5/19/2015,0.518549869,0.516489352
5/20/2015,0.557087388,0.517853832
5/21/2015,0.523788394,0.517829634
5/26/2015,0.480161834,0.516352838
5/27/2015,0.520469781,0.516542133
5/28/2015,0.535828086,0.515843366
5/29/2015,0.533885778,0.514691065
6/1/2015,0.476251487,0.511103351
6/2/2015,0.534481963,0.512836863
6/3/2015,0.53837492,0.515707588
6/4/2015,0.533118602,0.515147159
6/5/2015,0.478576279,0.512530572
6/8/2015,0.459020712,0.508623659
6/9/2015,0.534405575,0.509424265
6/10/2015,0.554958804,0.513352602
6/11/2015,0.506348853,0.512863063
6/12/2015,0.525536817,0.51255564
6/15/2015,0.494823781,0.511652264
6/16/2015,0.513555793,0.512753897
6/17/2015,0.50160989,0.51604173
6/18/2015,0.512175903,0.515723032
6/19/2015,0.500471854,0.512892255
6/22/2015,0.493221348,0.511363903
6/23/2015,0.538879608,0.514299792
6/24/2015,0.543919589,0.515472282
6/25/2015,0.501559992,0.513758877
6/26/2015,0.443766591,0.509252918
6/29/2015,0.510052675,0.510942978
6/30/2015,0.528555291,0.510646644
7/1/2015,0.500006183,0.508728207
7/2/2015,0.419347107,0.503039632
7/6/2015,0.464976044,0.502359621
7/7/2015,0.500417233,0.504429447
7/8/2015,0.493366733,0.502377504
7/9/2015,0.514798001,0.500369464
7/10/2015,0.473338634,0.498718953
7/13/2015,0.506999689,0.497792097
7/14/2015,0.576247293,0.501863273
7/15/2015,0.554757141,0.50392334
7/16/2015,0.54733849,0.50620977
7/17/2015,0.508772035,0.506039577
7/20/2015,0.493644224,0.505698195
7/21/2015,0.562072666,0.509140761
7/22/2015,0.540148553,0.509204208
7/23/2015,0.554536401,0.509735049
7/24/2015,0.512713285,0.510292713
7/27/2015,0.549519981,0.515580383
7/28/2015,0.549661456,0.517560822
7/29/2015,0.555902969,0.518928206
7/30/2015,0.5290155,0.520378672
7/31/2015,0.540471378,0.526434885
8/3/2015,0.483123499,0.527342258
8/4/2015,0.527901107,0.528716452
8/5/2015,0.540334165,0.531064823
8/6/2015,0.571861828,0.533918015
8/7/2015,0.477523247,0.534127245
8/10/2015,0.472237822,0.532389152
8/11/2015,0.530595075,0.530106541
8/12/2015,0.526210149,0.528679192
8/13/2015,0.53893151,0.528258842
8/14/2015,0.516095383,0.52862501
8/17/2015,0.461570678,0.527021333
8/18/2015,0.54362222,0.52609881
8/19/2015,0.549740672,0.526578416
8/20/2015,0.53996307,0.52584975
8/21/2015,0.511569642,0.525792568
8/24/2015,0.52852592,0.524742864
8/25/2015,0.526113673,0.523565475
8/26/2015,0.53138822,0.522339738
8/27/2015,0.543668647,0.523072395
8/28/2015,0.528986402,0.522498146
8/31/2015,0.49700765,0.523192354
9/1/2015,0.544258151,0.524010206
9/2/2015,0.508351548,0.522411075
9/3/2015,0.49665041,0.518650504
9/4/2015,0.422666462,0.515907665
9/8/2015,0.48554068,0.516572808
9/9/2015,0.52917347,0.516501728
9/10/2015,0.552378785,0.51781016
9/11/2015,0.563395894,0.519033379
9/14/2015,0.499340287,0.518195624
9/15/2015,0.543997205,0.52231695
9/16/2015,0.542789598,0.522275319
9/17/2015,0.51008282,0.520292427
9/18/2015,0.519182299,0.519253388
9/21/2015,0.516806039,0.519515208
9/22/2015,0.551548463,0.520666335
9/23/2015,0.534099479,0.521065625
9/24/2015,0.578422966,0.523417363
9/25/2015,0.50087792,0.521277826
9/28/2015,0.54819719,0.522238366
9/29/2015,0.558191877,0.525297577
9/30/2015,0.554897089,0.525829524
10/1/2015,0.574556402,0.529139767
10/2/2015,0.52178509,0.530396501
10/5/2015,0.524617644,0.53549406
10/6/2015,0.560637211,0.539248886
10/7/2015,0.543628797,0.539971653
10/8/2015,0.558117086,0.540258568
10/9/2015,0.547673251,0.539472436
10/13/2015,0.499619803,0.539486411
10/14/2015,0.524592682,0.538516185
10/15/2015,0.582218416,0.540487626
10/16/2015,0.530271795,0.541497075
10/19/2015,0.540956531,0.542585786
10/20/2015,0.560466474,0.544768808
10/21/2015,0.545759944,0.544479382
10/22/2015,0.57119677,0.546334247
10/23/2015,0.55469135,0.545147666
10/26/2015,0.524211809,0.546314361
10/27/2015,0.558339262,0.546821464
10/28/2015,0.555746398,0.54669919
10/29/2015,0.57445255,0.547676963
10/30/2015,0.566047262,0.547251506
11/2/2015,0.439761299,0.543150317
11/3/2015,0.476584769,0.540748673
11/4/2015,0.492071558,0.53732039
11/5/2015,0.490973999,0.53468765
11/6/2015,0.427182001,0.528140896
11/9/2015,0.433840177,0.522449243
11/10/2015,0.461875309,0.520562018
11/12/2015,0.406878728,0.51467632
11/13/2015,0.405998316,0.505865315
11/16/2015,0.420805239,0.500391987
11/17/2015,0.450170621,0.495852692
11/18/2015,0.458440525,0.490751394
11/19/2015,0.465539806,0.486740388
11/20/2015,0.395433786,0.477952238
11/23/2015,0.414472957,0.470941319
11/24/2015,0.470502456,0.468255851
11/25/2015,0.350823628,0.457880069
11/30/2015,0.45867422,0.45302646
12/1/2015,0.443696425,0.446488654
12/2/2015,0.460318654,0.441202224
12/3/2015,0.481657466,0.443297032
12/4/2015,0.415229763,0.440229282
12/7/2015,0.401147381,0.435683073
12/8/2015,0.439755985,0.433122172
12/9/2015,0.452244108,0.434375277
12/10/2015,0.476688353,0.436517686
12/11/2015,0.456488781,0.43624836
12/14/2015,0.432138684,0.437511358
12/15/2015,0.467525533,0.440587719
12/16/2015,0.473729528,0.443233933
12/17/2015,0.442414169,0.44284611
12/18/2015,0.428024887,0.441325328
12/21/2015,0.42478256,0.439287466
12/22/2015,0.412161716,0.440123863
12/23/2015,0.345980095,0.43669922
12/28/2015,0.301299355,0.428239065
12/29/2015,0.310631423,0.426229454
12/30/2015,0.2953108,0.418061283
1/4/2016,0.47273241,0.419513083
1/5/2016,0.468549317,0.419924616
1/6/2016,0.511300692,0.421406777
1/7/2016,0.485836576,0.424937118
1/8/2016,0.481214114,0.428940454
1/11/2016,0.460785077,0.429991909
1/12/2016,0.481227152,0.431441061
1/13/2016,0.448527131,0.430033
1/14/2016,0.570182694,0.435717696
1/15/2016,0.478894544,0.438055489
1/19/2016,0.486144169,0.43898642
1/20/2016,0.526001631,0.441600026
1/21/2016,0.534083398,0.446183487
1/22/2016,0.533465537,0.451455519
1/25/2016,0.46009415,0.453221099
1/26/2016,0.542805232,0.459753275
1/27/2016,0.517171441,0.468312842
1/28/2016,0.55709056,0.481102402
1/29/2016,0.530505341,0.492096098
2/1/2016,0.488718343,0.501766475
2/2/2016,0.529517811,0.504605745
2/3/2016,0.53776614,0.508066587
2/4/2016,0.536521092,0.509327607
2/5/2016,0.468289119,0.508450234
2/8/2016,0.451929269,0.506985992
2/9/2016,0.525407729,0.510217124
2/10/2016,0.529886406,0.512650087
2/11/2016,0.553107911,0.517879126
2/12/2016,0.498826704,0.514311326
2/16/2016,0.476199633,0.514176581
2/17/2016,0.534608992,0.516599822
2/18/2016,0.515608904,0.516080186
2/19/2016,0.487689363,0.513760484
2/22/2016,0.48250491,0.511212453
2/23/2016,0.535412697,0.51497838
2/24/2016,0.523177181,0.513996977
2/25/2016,0.507429086,0.51350986
2/26/2016,0.483181924,0.509814428
2/29/2016,0.510189783,0.50879865
3/1/2016,0.522634069,0.510494436
3/2/2016,0.520264566,0.510031774
3/3/2016,0.508957259,0.50859133
3/4/2016,0.480895953,0.505810073
3/7/2016,0.472389482,0.506015091
3/8/2016,0.492252054,0.50803123
3/9/2016,0.503143225,0.506918005
3/10/2016,0.47492931,0.50417015
3/11/2016,0.463865589,0.499708034
3/14/2016,0.462350359,0.497884217
3/15/2016,0.530948638,0.500621667
3/16/2016,0.522775541,0.500029995
3/17/2016,0.473687639,0.497933931
3/18/2016,0.470004574,0.497049692
3/21/2016,0.487525295,0.497300711
3/22/2016,0.505596069,0.49580988
3/23/2016,0.503405434,0.494821292
3/28/2016,0.440453625,0.491472519
3/29/2016,0.509156946,0.492771271
3/30/2016,0.506435584,0.492583561
3/31/2016,0.543248679,0.493614291
4/1/2016,0.438226336,0.48951238
4/4/2016,0.441358422,0.486132438
4/5/2016,0.526807597,0.48842802
4/6/2016,0.495474672,0.489582279
4/7/2016,0.489326709,0.489436012
4/8/2016,0.421947167,0.485376209
4/11/2016,0.433966492,0.483328068
4/12/2016,0.498421903,0.485055884
4/13/2016,0.483433801,0.486110056
4/14/2016,0.483721816,0.483748715
4/15/2016,0.464678067,0.480843841
4/18/2016,0.467870877,0.480553003
4/19/2016,0.496528325,0.481879191
4/20/2016,0.493752782,0.482190565
4/21/2016,0.492521714,0.481536847
4/22/2016,0.455006293,0.47911689
4/25/2016,0.484753061,0.481331862
4/26/2016,0.490701184,0.480409074
4/27/2016,0.49449589,0.479812089
4/28/2016,0.4569927,0.47549929
4/29/2016,0.465403114,0.476858129
5/2/2016,0.430233401,0.476301878
5/3/2016,0.461356238,0.47302931
5/4/2016,0.501087058,0.47330993
5/5/2016,0.448249252,0.471256057
5/6/2016,0.415107695,0.470914083
5/9/2016,0.42911679,0.470671598
5/10/2016,0.50763197,0.471132101
5/11/2016,0.485195543,0.471220189
5/12/2016,0.495406974,0.471804446
5/13/2016,0.420638117,0.469602449
5/16/2016,0.403576427,0.466387726
5/17/2016,0.440827041,0.463602662
5/18/2016,0.455184631,0.461674255
5/19/2016,0.471718851,0.460634111
5/20/2016,0.45759509,0.460763551
5/23/2016,0.436917518,0.458371774
5/24/2016,0.497626846,0.458718057
5/25/2016,0.519810955,0.459983811
5/26/2016,0.514437528,0.462856052
5/31/2016,0.487831196,0.463977456
6/1/2016,0.473592291,0.466145401
6/2/2016,0.455565908,0.465855884
6/3/2016,0.469578914,0.464280477
6/6/2016,0.414677101,0.462601869
6/7/2016,0.446033845,0.464148177
6/8/2016,0.467139521,0.466049313
6/9/2016,0.475841054,0.464459768
6/10/2016,0.368056413,0.458602811
6/13/2016,0.446823406,0.456173633
6/14/2016,0.456633687,0.457973411
6/15/2016,0.469263106,0.461257745
6/16/2016,0.447431552,0.461587971
