currdate,cusip.pct.all,cusip.pct.ma.all
1/2/2009,0.267973856,NA
1/5/2009,0.383017164,NA
1/6/2009,0.425,NA
1/7/2009,0.4422202,NA
1/8/2009,0.440108893,NA
1/9/2009,0.430678466,NA
1/12/2009,0.391219512,NA
1/13/2009,0.423963134,NA
1/14/2009,0.408464567,NA
1/15/2009,0.429423459,NA
1/16/2009,0.35464415,NA
1/20/2009,0.416238438,NA
1/21/2009,0.440196078,NA
1/22/2009,0.414705882,NA
1/23/2009,0.413232104,NA
1/26/2009,0.405299313,NA
1/27/2009,0.459833795,NA
1/28/2009,0.412087912,NA
1/29/2009,0.443443443,NA
1/30/2009,0.414473684,0.410811203
2/2/2009,0.400425985,0.417433809
2/3/2009,0.41470311,0.419018106
2/4/2009,0.426841574,0.419110185
2/5/2009,0.425574426,0.418277896
2/6/2009,0.437119675,0.418128435
2/9/2009,0.392016377,0.416195331
2/10/2009,0.439423077,0.418605509
2/11/2009,0.413255361,0.418070121
2/12/2009,0.423200859,0.418806935
2/13/2009,0.336764706,0.414173998
2/17/2009,0.382113821,0.415547481
2/18/2009,0.432673267,0.416369223
2/19/2009,0.416748768,0.415196857
2/20/2009,0.397740113,0.414348569
2/23/2009,0.4,0.413686963
2/24/2009,0.455855856,0.416214791
2/25/2009,0.433746425,0.414910422
2/26/2009,0.449795082,0.416795781
2/27/2009,0.420668058,0.415657011
3/2/2009,0.410282258,0.41544744
3/3/2009,0.435874439,0.417219863
3/4/2009,0.434259259,0.41819767
3/5/2009,0.443601896,0.419035686
3/6/2009,0.445471349,0.420030532
3/9/2009,0.421328671,0.419240982
3/10/2009,0.439252336,0.42160278
3/11/2009,0.451818182,0.422222535
3/12/2009,0.413407821,0.422230158
3/13/2009,0.407329843,0.421436608
3/16/2009,0.426652893,0.425931017
3/17/2009,0.436041083,0.42862738
3/18/2009,0.404940924,0.427240763
3/19/2009,0.398157625,0.426311206
3/20/2009,0.347494553,0.423798928
3/23/2009,0.382617383,0.422929797
3/24/2009,0.43650047,0.421962028
3/25/2009,0.453252033,0.422937308
3/26/2009,0.461380021,0.423516555
3/27/2009,0.39390642,0.422178473
3/30/2009,0.406862745,0.422007497
3/31/2009,0.42680776,0.421554163
4/1/2009,0.420670898,0.420874745
4/2/2009,0.44982699,0.421186
4/3/2009,0.415458937,0.419685379
4/6/2009,0.415130941,0.419375493
4/7/2009,0.378854626,0.416355607
4/8/2009,0.4305685,0.415293123
4/9/2009,0.368604651,0.413052965
4/14/2009,0.459157352,0.41564434
4/15/2009,0.430088496,0.41581612
4/16/2009,0.396475771,0.413837855
4/17/2009,0.416741674,0.414427892
4/20/2009,0.415165877,0.415278305
4/21/2009,0.436580882,0.419732621
4/22/2009,0.430018416,0.422102673
4/23/2009,0.420145191,0.421284909
4/24/2009,0.407706093,0.419007612
4/27/2009,0.400359066,0.415956564
4/28/2009,0.480033985,0.420262942
4/29/2009,0.45045045,0.422442328
4/30/2009,0.474878444,0.424845862
5/1/2009,0.399629972,0.423793816
5/5/2009,0.442457232,0.423425328
5/6/2009,0.462469734,0.425775868
5/7/2009,0.446841294,0.427361385
5/8/2009,0.442455243,0.430541416
5/11/2009,0.402871622,0.429156572
5/12/2009,0.45977918,0.433715299
5/13/2009,0.442477876,0.432881325
5/14/2009,0.446503791,0.43370209
5/15/2009,0.393991416,0.433577872
5/18/2009,0.431403648,0.434310971
5/19/2009,0.453323376,0.436218846
5/20/2009,0.44379133,0.436579368
5/21/2009,0.442034405,0.437180167
5/22/2009,0.316167665,0.431981291
5/26/2009,0.440140845,0.433603029
5/27/2009,0.454675232,0.436318837
5/28/2009,0.466761973,0.435655236
5/29/2009,0.469373219,0.436601375
6/1/2009,0.468658892,0.436290397
6/2/2009,0.454736842,0.439045741
6/3/2009,0.438884918,0.438867125
6/4/2009,0.47567175,0.439527226
6/5/2009,0.405194805,0.437444901
6/8/2009,0.436763551,0.437160317
6/9/2009,0.468475073,0.440440489
6/10/2009,0.452309985,0.44006703
6/11/2009,0.470036101,0.441444941
6/12/2009,0.388843314,0.438561917
6/15/2009,0.423594616,0.440042077
6/16/2009,0.47532656,0.442238223
6/17/2009,0.469308469,0.443037477
6/18/2009,0.427066451,0.442201233
6/19/2009,0.401685393,0.440183783
6/22/2009,0.419983065,0.445374553
6/23/2009,0.451025057,0.445918763
6/24/2009,0.434542587,0.444912131
6/25/2009,0.450479233,0.444097994
6/26/2009,0.390243902,0.440141528
6/29/2009,0.393537697,0.436385469
6/30/2009,0.442700157,0.435783634
7/1/2009,0.410089504,0.434343864
7/2/2009,0.320913462,0.426605949
7/6/2009,0.388429752,0.425767696
7/7/2009,0.448885473,0.426373793
7/8/2009,0.428223844,0.424361231
7/9/2009,0.440956652,0.423793564
7/10/2009,0.429071804,0.42174535
7/13/2009,0.4562249,0.425114429
7/14/2009,0.437966102,0.425833003
7/15/2009,0.464646465,0.425298998
7/16/2009,0.50802139,0.427234644
7/17/2009,0.481510622,0.429956853
7/20/2009,0.471612415,0.433453204
7/21/2009,0.4972106,0.437314581
7/22/2009,0.481532148,0.438839935
7/23/2009,0.497652582,0.441995435
7/24/2009,0.453220859,0.442132516
7/27/2009,0.478975033,0.446569073
7/28/2009,0.48878628,0.451331502
7/29/2009,0.465993266,0.452496157
7/30/2009,0.486466715,0.456315018
8/3/2009,0.444992948,0.462518992
8/4/2009,0.482804233,0.467237716
8/5/2009,0.487562189,0.469171552
8/6/2009,0.478479197,0.47168432
8/7/2009,0.48177496,0.473725235
8/10/2009,0.456063907,0.47507484
8/11/2009,0.503157895,0.47742149
8/12/2009,0.488983653,0.479972368
8/13/2009,0.472527473,0.480366418
8/14/2009,0.449081803,0.477419439
8/17/2009,0.409507923,0.473819304
8/18/2009,0.440836941,0.47228053
8/19/2009,0.442157559,0.469527878
8/20/2009,0.445818182,0.46774218
8/21/2009,0.41221374,0.463470238
8/24/2009,0.40172956,0.460895673
8/25/2009,0.462747779,0.46008431
8/26/2009,0.428676471,0.45707882
8/27/2009,0.4267844,0.455118376
8/28/2009,0.377184913,0.449654286
8/31/2009,0.41301059,0.448055168
9/1/2009,0.483419307,0.448085922
9/2/2009,0.424130274,0.444914326
9/3/2009,0.398126464,0.44089669
9/4/2009,0.309183673,0.432267125
9/8/2009,0.444043321,0.431666096
9/9/2009,0.462962963,0.429656349
9/10/2009,0.439864865,0.42720041
9/11/2009,0.424922601,0.424820166
9/14/2009,0.416167665,0.423174459
9/15/2009,0.47218543,0.426308335
9/16/2009,0.474055093,0.427969242
9/17/2009,0.477453581,0.429734044
9/18/2009,0.468619247,0.430874097
9/21/2009,0.474452555,0.433986038
9/22/2009,0.513761468,0.439587633
9/23/2009,0.483067093,0.440603599
9/24/2009,0.485333333,0.443436442
9/25/2009,0.445285616,0.444361503
9/28/2009,0.416923077,0.446348411
9/29/2009,0.451285521,0.448262157
9/30/2009,0.502890173,0.449235701
10/1/2009,0.453580902,0.450708232
10/2/2009,0.480332829,0.45481855
10/5/2009,0.484046164,0.463561675
10/6/2009,0.514475271,0.467083272
10/7/2009,0.48875,0.468372624
10/8/2009,0.480025773,0.47038067
10/9/2009,0.476796407,0.47297436
10/13/2009,0.522081065,0.47827003
10/14/2009,0.533675799,0.481344548
10/15/2009,0.512687053,0.483276146
10/16/2009,0.493550577,0.484080996
10/19/2009,0.468243243,0.484062196
10/20/2009,0.479809976,0.484330067
10/21/2009,0.470775095,0.482180748
10/22/2009,0.409631019,0.478508945
10/23/2009,0.454806313,0.476982594
10/26/2009,0.464217859,0.477929206
10/27/2009,0.511435832,0.482654844
10/28/2009,0.476307692,0.483905952
10/29/2009,0.45719721,0.481621304
10/30/2009,0.453114305,0.481597974
11/2/2009,0.480781348,0.4816204
11/3/2009,0.430589681,0.478947576
11/4/2009,0.480314961,0.47723956
11/5/2009,0.461489899,0.475876555
11/6/2009,0.424455376,0.473098036
11/9/2009,0.455223881,0.472019409
11/10/2009,0.486318408,0.470231276
11/12/2009,0.504155125,0.468755243
11/13/2009,0.451066499,0.465674215
11/16/2009,0.467929139,0.464393143
11/17/2009,0.451689389,0.46356545
11/18/2009,0.461538462,0.462651875
11/19/2009,0.447044335,0.461465337
11/20/2009,0.402298851,0.461098728
11/23/2009,0.49737303,0.463227064
11/24/2009,0.434833431,0.461757843
11/25/2009,0.351880878,0.453780095
11/27/2009,0.215648855,0.440747153
11/30/2009,0.462789243,0.441026755
12/1/2009,0.488262911,0.442784185
12/2/2009,0.442043222,0.440847279
12/3/2009,0.449814126,0.441808501
12/4/2009,0.405894173,0.438087462
12/7/2009,0.420735786,0.436049756
12/8/2009,0.422853454,0.43596966
12/9/2009,0.42876619,0.434646775
12/10/2009,0.439252336,0.432293472
12/11/2009,0.426193922,0.428395412
12/14/2009,0.413351315,0.426509652
12/15/2009,0.459762533,0.426101322
12/16/2009,0.481434059,0.427588555
12/17/2009,0.471389646,0.428081115
12/18/2009,0.406055901,0.426031693
12/21/2009,0.386281588,0.42523083
12/22/2009,0.429698709,0.421847114
12/23/2009,0.339968153,0.41710385
12/24/2009,0.166666667,0.407843139
12/29/2009,0.345227475,0.41432207
12/30/2009,0.305709024,0.406468059
1/4/2010,0.454790823,0.404794455
1/5/2010,0.496328029,0.407508695
1/6/2010,0.459631278,0.407999553
1/7/2010,0.465131579,0.410961423
1/8/2010,0.432375613,0.411543415
1/11/2010,0.42689295,0.41174539
1/12/2010,0.480304956,0.414322328
1/13/2010,0.466709347,0.415695178
1/14/2010,0.47188106,0.417979535
1/15/2010,0.440353461,0.419329643
1/19/2010,0.435209424,0.418101987
1/20/2010,0.410086264,0.414534597
1/21/2010,0.453061224,0.413618176
1/22/2010,0.427046263,0.414667694
1/25/2010,0.434383202,0.417072775
1/26/2010,0.470410628,0.419108371
1/27/2010,0.492814371,0.426750682
1/28/2010,0.475836431,0.44220917
1/29/2010,0.448813559,0.447388474
2/1/2010,0.461538462,0.455179946
2/2/2010,0.457055215,0.455293166
2/3/2010,0.45362776,0.453158152
2/4/2010,0.464,0.453376589
2/5/2010,0.45658466,0.452949243
2/8/2010,0.426553672,0.452658146
2/9/2010,0.468013468,0.454714171
2/10/2010,0.438880707,0.452642959
2/11/2010,0.448252228,0.451720103
2/12/2010,0.417829457,0.449017523
2/16/2010,0.4360587,0.448802785
2/17/2010,0.456349206,0.449859774
2/18/2010,0.431904161,0.450950669
2/19/2010,0.399718508,0.448283533
2/22/2010,0.41929002,0.447895721
2/23/2010,0.431640625,0.447758592
2/24/2010,0.429824561,0.445729289
2/25/2010,0.402135231,0.441195332
2/26/2010,0.388971684,0.436852094
3/1/2010,0.40877915,0.434850374
3/2/2010,0.441920831,0.433869492
3/3/2010,0.44023514,0.433028489
3/4/2010,0.41750167,0.431222184
3/5/2010,0.419170243,0.428980696
3/8/2010,0.42877292,0.427590109
3/9/2010,0.452855246,0.428905188
3/10/2010,0.460327456,0.428520887
3/11/2010,0.426587302,0.427906217
3/12/2010,0.430682618,0.427027736
3/15/2010,0.393980848,0.425835306
3/16/2010,0.478703115,0.427967527
3/17/2010,0.499347258,0.430117429
3/18/2010,0.430641822,0.430054312
3/19/2010,0.416201117,0.430878443
3/22/2010,0.398634812,0.429845682
3/23/2010,0.434527687,0.429990036
3/24/2010,0.417631918,0.429380403
3/25/2010,0.427016645,0.430624474
3/26/2010,0.402651779,0.431308479
3/29/2010,0.407168459,0.431227944
3/30/2010,0.4296875,0.430616278
3/31/2010,0.450407609,0.431124901
4/1/2010,0.413593637,0.4309295
4/5/2010,0.415120275,0.430727001
4/6/2010,0.417256922,0.430151201
4/7/2010,0.451635351,0.430090207
4/8/2010,0.449422946,0.429544981
4/9/2010,0.411290323,0.428780132
4/12/2010,0.408177408,0.427654872
4/13/2010,0.436781609,0.42979491
4/14/2010,0.42384106,0.427051807
4/15/2010,0.442895086,0.424229198
4/16/2010,0.407620417,0.423078128
4/19/2010,0.433032616,0.423919703
4/20/2010,0.428095872,0.425392756
4/21/2010,0.432942708,0.425313507
4/22/2010,0.424581006,0.425660961
4/23/2010,0.404814004,0.424550829
4/26/2010,0.429539295,0.425895205
4/27/2010,0.453280318,0.428200798
4/28/2010,0.425925926,0.428012719
4/29/2010,0.428469242,0.426915801
4/30/2010,0.412125863,0.426842412
5/3/2010,0.406911142,0.426431956
5/4/2010,0.391882435,0.425163231
5/5/2010,0.462335867,0.425698257
5/6/2010,0.446594427,0.425556831
5/7/2010,0.402230483,0.425103839
5/10/2010,0.407277817,0.42505886
5/11/2010,0.435842294,0.425011894
5/12/2010,0.455842391,0.426611961
5/13/2010,0.432174506,0.426075932
5/14/2010,0.379163108,0.424653066
5/17/2010,0.42270351,0.424136611
5/18/2010,0.423606083,0.423912121
5/19/2010,0.427941176,0.423662045
5/20/2010,0.451515152,0.425008752
5/21/2010,0.435395458,0.426537825
5/24/2010,0.444688645,0.427295292
5/25/2010,0.487872488,0.429024901
5/26/2010,0.477224947,0.431589852
5/27/2010,0.543109301,0.437321855
6/1/2010,0.383306321,0.435880878
6/2/2010,0.433204633,0.437195552
6/3/2010,0.449814126,0.440092137
6/4/2010,0.349192863,0.434434986
6/7/2010,0.429249012,0.433567716
6/8/2010,0.463561232,0.436634253
6/9/2010,0.422775801,0.437409152
6/10/2010,0.395565093,0.435395292
6/11/2010,0.369885434,0.431097444
6/14/2010,0.44137931,0.431557685
6/15/2010,0.433823529,0.434290706
6/16/2010,0.487989019,0.437554981
6/17/2010,0.451345756,0.438941965
6/18/2010,0.332278481,0.43415883
6/21/2010,0.414134276,0.432289786
6/22/2010,0.406371912,0.430838609
6/23/2010,0.455339154,0.431371134
6/24/2010,0.398340249,0.426894522
6/25/2010,0.372580645,0.421662307
6/28/2010,0.407575758,0.41488563
6/29/2010,0.391660462,0.415303337
6/30/2010,0.381684982,0.412727355
7/1/2010,0.371030209,0.408788159
7/2/2010,0.306940371,0.406675534
7/6/2010,0.404903418,0.405458254
7/7/2010,0.422114047,0.403385895
7/8/2010,0.379157428,0.401204977
7/9/2010,0.349639134,0.398908679
7/12/2010,0.366375892,0.398733202
7/13/2010,0.417613636,0.397544918
7/14/2010,0.437313433,0.397719413
7/15/2010,0.425287356,0.39458433
7/16/2010,0.361498258,0.390091955
7/19/2010,0.379562044,0.392456133
7/20/2010,0.419090231,0.392703931
7/21/2010,0.414885777,0.393129624
7/22/2010,0.398601399,0.390292736
7/23/2010,0.367716535,0.388761551
7/26/2010,0.408813559,0.390573196
7/27/2010,0.453820598,0.392885438
7/28/2010,0.416424419,0.394123636
7/29/2010,0.403717472,0.395225261
7/30/2010,0.481694185,0.40075846
8/2/2010,0.410274964,0.405925189
8/3/2010,0.467957276,0.409077882
8/4/2010,0.469344609,0.41143941
8/5/2010,0.44707624,0.414835351
8/6/2010,0.424914676,0.418599128
8/9/2010,0.414652568,0.421012962
8/10/2010,0.429292929,0.421596926
8/11/2010,0.425884123,0.421025461
8/12/2010,0.433817904,0.421451988
8/13/2010,0.385197645,0.422636958
8/16/2010,0.39871612,0.423594661
8/17/2010,0.435172414,0.424398771
8/18/2010,0.431093007,0.425209132
8/19/2010,0.413868613,0.425972493
8/20/2010,0.369415808,0.426057456
8/23/2010,0.383831027,0.42480833
8/24/2010,0.42966043,0.423600321
8/25/2010,0.41612671,0.423585436
8/26/2010,0.41402214,0.424100669
8/27/2010,0.356536503,0.417842785
8/30/2010,0.399706098,0.417314342
8/31/2010,0.436893204,0.415761138
9/1/2010,0.421091445,0.41334848
9/2/2010,0.41322314,0.411655825
9/3/2010,0.331971399,0.407008661
9/7/2010,0.432108027,0.407881434
9/8/2010,0.43013899,0.407923737
9/9/2010,0.420396185,0.40764934
9/10/2010,0.421203438,0.407018617
9/13/2010,0.401330377,0.407825254
9/14/2010,0.477632485,0.411771072
9/15/2010,0.474982865,0.413761595
9/16/2010,0.42116328,0.413265108
9/17/2010,0.435137139,0.414328534
9/20/2010,0.511690047,0.421442246
9/21/2010,0.49268617,0.426885004
9/22/2010,0.445117845,0.427657874
9/23/2010,0.453835227,0.4295433
9/24/2010,0.449502134,0.4313173
9/27/2010,0.49869961,0.438425455
9/28/2010,0.512837393,0.44408202
9/29/2010,0.502262443,0.447350482
9/30/2010,0.491891892,0.450890504
10/1/2010,0.429955291,0.451727112
10/4/2010,0.431316726,0.456694378
10/5/2010,0.499015102,0.460039732
10/6/2010,0.467123288,0.461888947
10/7/2010,0.475510204,0.464644648
10/8/2010,0.418065548,0.464487753
10/12/2010,0.498084291,0.469325449
10/13/2010,0.525753769,0.471731513
10/14/2010,0.449801849,0.470472462
10/15/2010,0.438101788,0.471319388
10/18/2010,0.462962963,0.472710679
10/19/2010,0.431787176,0.468715535
10/20/2010,0.441617743,0.466162114
10/21/2010,0.470754052,0.467443924
10/22/2010,0.417475728,0.465625949
10/25/2010,0.456878118,0.465994749
10/26/2010,0.470215463,0.464570541
10/27/2010,0.460721868,0.461964765
10/28/2010,0.469118668,0.460307576
10/29/2010,0.445611403,0.457993552
11/1/2010,0.446441409,0.458817858
11/2/2010,0.442424242,0.459373234
11/3/2010,0.472944483,0.458069703
11/4/2010,0.47295423,0.45836125
11/5/2010,0.435897436,0.456380611
11/8/2010,0.416666667,0.456310667
11/9/2010,0.467752885,0.454794097
11/10/2010,0.491891892,0.453101003
11/11/2010,0.213768116,0.441299317
11/12/2010,0.450359712,0.441912213
11/15/2010,0.456214689,0.441574799
11/16/2010,0.46849866,0.443410373
11/17/2010,0.449362844,0.443797628
11/18/2010,0.455048409,0.443012346
11/19/2010,0.408819133,0.442579516
11/22/2010,0.452216066,0.442346414
11/23/2010,0.448199853,0.441245633
11/24/2010,0.359276018,0.436173341
11/29/2010,0.443262411,0.434880528
11/30/2010,0.481197772,0.436659846
12/1/2010,0.471371505,0.437906351
12/2/2010,0.458275382,0.438698908
12/3/2010,0.446792453,0.437391307
12/6/2010,0.424911032,0.434989147
12/7/2010,0.462064252,0.436297488
12/8/2010,0.450359712,0.43798214
12/9/2010,0.458983051,0.437543648
12/10/2010,0.388632873,0.432380697
12/13/2010,0.448534424,0.444119013
12/14/2010,0.461956522,0.444698853
12/15/2010,0.444293478,0.444102792
12/16/2010,0.458476321,0.443601676
12/17/2010,0.395219124,0.44089449
12/20/2010,0.427442529,0.439514196
12/21/2010,0.439763489,0.441061413
12/22/2010,0.375,0.43720061
12/27/2010,0.287844037,0.429182819
12/28/2010,0.371252205,0.429781628
12/29/2010,0.364651163,0.425851066
12/30/2010,0.334689725,0.418525664
1/3/2011,0.453757225,0.41764495
1/4/2011,0.481279782,0.41879517
1/5/2011,0.497547302,0.421332912
1/6/2011,0.449315068,0.422553114
1/7/2011,0.429110106,0.420905407
1/10/2011,0.413612565,0.419068049
1/11/2011,0.421952958,0.417216545
1/12/2011,0.401476015,0.417858702
1/13/2011,0.440740741,0.417469018
1/14/2011,0.402617398,0.414502062
1/18/2011,0.481088255,0.4163418
1/19/2011,0.463287849,0.416582377
1/20/2011,0.462526767,0.419947759
1/21/2011,0.446840149,0.42091764
1/24/2011,0.45035461,0.421447196
1/25/2011,0.478873239,0.426640858
1/26/2011,0.452908587,0.434894085
1/27/2011,0.438356164,0.438249283
1/28/2011,0.413430421,0.440688246
1/31/2011,0.456630824,0.446785301
2/1/2011,0.465551839,0.447375032
2/2/2011,0.471397538,0.44688092
2/3/2011,0.462643678,0.445135739
2/4/2011,0.406451613,0.442992566
2/7/2011,0.454810496,0.444277585
2/8/2011,0.465871438,0.446890529
2/9/2011,0.457227139,0.448654238
2/10/2011,0.441304348,0.450645655
2/11/2011,0.4375,0.450483618
2/14/2011,0.440651668,0.452385331
2/15/2011,0.475592748,0.452110556
2/16/2011,0.459549072,0.451923617
2/17/2011,0.431754875,0.450385022
2/18/2011,0.431048069,0.449595418
2/22/2011,0.421167883,0.448136082
2/23/2011,0.477729885,0.448078914
2/24/2011,0.426169591,0.446741964
2/25/2011,0.413249211,0.445486617
2/28/2011,0.405054152,0.445067803
3/1/2011,0.430947216,0.443783623
3/2/2011,0.446244477,0.442818255
3/3/2011,0.450589971,0.441777876
3/4/2011,0.447327044,0.441012045
3/7/2011,0.396526773,0.440515803
3/8/2011,0.417015342,0.438626045
3/9/2011,0.396303901,0.435147668
3/10/2011,0.4034458,0.432458601
3/11/2011,0.366830065,0.428734887
3/14/2011,0.381086803,0.425914227
3/15/2011,0.4,0.423881644
3/16/2011,0.413352273,0.42076962
3/17/2011,0.451857468,0.42038504
3/18/2011,0.367611336,0.417177863
3/21/2011,0.410906298,0.416170774
3/22/2011,0.424778761,0.416351318
3/23/2011,0.396409873,0.412285318
3/24/2011,0.400887574,0.411021217
3/25/2011,0.397035881,0.41021055
3/28/2011,0.394537178,0.409684702
3/29/2011,0.419636364,0.409119159
3/30/2011,0.406156156,0.407114743
3/31/2011,0.424846626,0.405827576
4/1/2011,0.374094932,0.40216597
4/4/2011,0.388104089,0.401744836
4/5/2011,0.395848246,0.400686481
4/6/2011,0.390753169,0.400408945
4/7/2011,0.376643465,0.399068828
4/8/2011,0.352558895,0.398355269
4/11/2011,0.371294852,0.397865672
4/12/2011,0.417030568,0.3987172
4/13/2011,0.422004521,0.399149813
4/14/2011,0.424626866,0.397788282
4/15/2011,0.393442623,0.399079847
4/18/2011,0.406549521,0.398862008
4/19/2011,0.429319372,0.399089038
4/20/2011,0.415430267,0.400040058
4/25/2011,0.455458808,0.40276862
4/26/2011,0.423537703,0.404093711
4/27/2011,0.452180028,0.406975853
4/28/2011,0.434814815,0.407734776
4/29/2011,0.344290657,0.404641501
5/2/2011,0.385846672,0.402691503
5/3/2011,0.421052632,0.405039388
5/4/2011,0.459396752,0.408604022
5/5/2011,0.424079755,0.410015597
5/6/2011,0.365684575,0.408762167
5/9/2011,0.381609195,0.409010454
5/10/2011,0.363952679,0.409580143
5/11/2011,0.412628488,0.411646825
5/12/2011,0.36913767,0.40925218
5/13/2011,0.378020265,0.407052967
5/16/2011,0.415781487,0.406610698
5/17/2011,0.412526998,0.407564917
5/18/2011,0.415175376,0.40799621
5/19/2011,0.443259711,0.408693227
5/20/2011,0.369747899,0.406409108
5/23/2011,0.406779661,0.403975151
5/24/2011,0.424556213,0.404026076
5/25/2011,0.451274363,0.403980793
5/26/2011,0.419475655,0.403213835
5/31/2011,0.451176051,0.408558105
6/1/2011,0.409674981,0.40974952
6/2/2011,0.421212121,0.409757495
6/3/2011,0.372173913,0.405396353
6/6/2011,0.401430843,0.404263907
6/7/2011,0.43814433,0.407886895
6/8/2011,0.433634992,0.410488185
6/9/2011,0.406103286,0.412595715
6/10/2011,0.400340716,0.411981327
6/13/2011,0.423493045,0.414699095
6/14/2011,0.42527881,0.417062023
6/15/2011,0.419635788,0.417254738
6/16/2011,0.389964158,0.416126596
6/17/2011,0.428458498,0.416790752
6/20/2011,0.429443173,0.416099925
6/21/2011,0.417461482,0.418485604
6/22/2011,0.415195702,0.418906406
6/23/2011,0.388540031,0.417105597
6/24/2011,0.396838602,0.414383809
6/27/2011,0.42760181,0.414790117
6/28/2011,0.42700157,0.413581393
6/29/2011,0.462962963,0.416245792
6/30/2011,0.439097744,0.417140073
7/1/2011,0.32565445,0.4148141
7/5/2011,0.37468776,0.413476946
7/6/2011,0.397217929,0.411430626
7/7/2011,0.419762846,0.410737018
7/8/2011,0.386195563,0.409741632
7/11/2011,0.362831858,0.407866189
7/12/2011,0.410714286,0.407227251
7/13/2011,0.42700157,0.407313389
7/14/2011,0.401366354,0.406399917
7/15/2011,0.361086766,0.404956048
7/18/2011,0.394388153,0.403252531
7/19/2011,0.385915493,0.401076147
7/20/2011,0.414252153,0.40091568
7/21/2011,0.421621622,0.401236976
7/22/2011,0.380506092,0.400835279
7/25/2011,0.412195122,0.401603105
7/26/2011,0.432824427,0.401864236
7/27/2011,0.401496259,0.400588971
7/28/2011,0.368,0.395840822
7/29/2011,0.373052246,0.392538547
8/1/2011,0.351724138,0.393842032
8/2/2011,0.36996904,0.393606096
8/3/2011,0.397291196,0.393609759
8/4/2011,0.403979239,0.392820579
8/5/2011,0.431542461,0.395087924
8/8/2011,0.406706793,0.39728167
8/9/2011,0.503139717,0.401902942
8/10/2011,0.497206704,0.405413199
8/11/2011,0.486754967,0.409682629
8/12/2011,0.429163215,0.413086452
8/15/2011,0.466984885,0.416716288
8/16/2011,0.448031496,0.419822089
8/17/2011,0.473843821,0.422801672
8/18/2011,0.437661221,0.423603652
8/19/2011,0.408631772,0.425009936
8/22/2011,0.413570275,0.425078694
8/23/2011,0.425862069,0.424730576
8/24/2011,0.424061433,0.425858834
8/25/2011,0.408703072,0.427893988
8/26/2011,0.377901578,0.428136455
8/29/2011,0.372407574,0.429170626
8/30/2011,0.407685881,0.431056468
8/31/2011,0.409727947,0.431678306
9/1/2011,0.37329932,0.43014431
9/2/2011,0.261351052,0.42163474
9/6/2011,0.415505226,0.422074661
9/7/2011,0.447180302,0.419276691
9/8/2011,0.460639127,0.417448312
9/9/2011,0.392857143,0.41275342
9/12/2011,0.396538159,0.411122168
9/13/2011,0.4544722,0.410496533
9/14/2011,0.432168968,0.409703407
9/15/2011,0.453264095,0.408674421
9/16/2011,0.394846218,0.406533671
9/19/2011,0.453301127,0.408767138
9/20/2011,0.464150943,0.411296172
9/21/2011,0.438683128,0.411937225
9/22/2011,0.459157352,0.413692021
9/23/2011,0.448334757,0.415673605
9/26/2011,0.476810415,0.420619047
9/27/2011,0.504524887,0.427224912
9/28/2011,0.477129338,0.430697085
9/29/2011,0.424717145,0.431446545
9/30/2011,0.409090909,0.433236125
10/3/2011,0.465313029,0.443434223
10/4/2011,0.506329114,0.447975418
10/5/2011,0.511627907,0.451197798
10/6/2011,0.482100239,0.452270854
10/7/2011,0.44845815,0.455050904
10/11/2011,0.453441296,0.457896061
10/12/2011,0.476462197,0.458995561
10/13/2011,0.458940906,0.460334157
10/14/2011,0.413114754,0.45832669
10/17/2011,0.401442308,0.458656495
10/18/2011,0.457777778,0.458880327
10/19/2011,0.450892857,0.458217423
10/20/2011,0.464257659,0.45949615
10/21/2011,0.410806175,0.457078591
10/24/2011,0.443251534,0.45682443
10/25/2011,0.461594733,0.456063646
10/26/2011,0.483408748,0.455007839
10/27/2011,0.443438914,0.453323318
10/28/2011,0.400862069,0.452130564
10/31/2011,0.445350734,0.453943555
11/1/2011,0.467382329,0.45404702
11/2/2011,0.459567654,0.451708947
11/3/2011,0.452342488,0.448744676
11/4/2011,0.371771218,0.443228225
11/7/2011,0.432579891,0.442434312
11/8/2011,0.486425339,0.444083514
11/9/2011,0.429959514,0.44175838
11/10/2011,0.420926518,0.439857661
11/14/2011,0.450640543,0.44173395
11/15/2011,0.46390169,0.444856919
11/16/2011,0.439937598,0.44396491
11/17/2011,0.433064516,0.443073493
11/18/2011,0.443990188,0.44206012
11/21/2011,0.434891486,0.443264385
11/22/2011,0.467665615,0.444485089
11/23/2011,0.349099099,0.438860307
11/28/2011,0.437121212,0.436545931
11/29/2011,0.467753892,0.43776168
11/30/2011,0.479817212,0.441709437
12/1/2011,0.460292984,0.442456549
12/2/2011,0.43596268,0.440885567
12/5/2011,0.471825695,0.441498469
12/6/2011,0.450364964,0.441399593
12/7/2011,0.463778409,0.445999952
12/8/2011,0.438449848,0.44629345
12/9/2011,0.431689572,0.443556662
12/12/2011,0.44499179,0.444308275
12/13/2011,0.473684211,0.44694616
12/14/2011,0.44336084,0.446582175
12/15/2011,0.45123839,0.44594901
12/16/2011,0.39334471,0.443619366
12/19/2011,0.451441578,0.444538219
12/20/2011,0.427662957,0.443721857
12/21/2011,0.391525424,0.441553554
12/22/2011,0.416741674,0.439007357
12/27/2011,0.328810021,0.437992903
12/28/2011,0.295238095,0.430898747
12/29/2011,0.331521739,0.42408714
1/3/2012,0.544250871,0.427308823
1/4/2012,0.486079759,0.428598161
1/5/2012,0.460708783,0.429835466
1/6/2012,0.432606941,0.427874529
1/9/2012,0.448139351,0.427763248
1/10/2012,0.453932584,0.427270957
1/11/2012,0.448360656,0.427766497
1/12/2012,0.482731554,0.430318596
1/13/2012,0.422586521,0.429198333
1/17/2012,0.457463884,0.428387317
1/18/2012,0.464810518,0.429459801
1/19/2012,0.473363775,0.43056607
1/20/2012,0.426303855,0.432214027
1/23/2012,0.449185415,0.432101219
1/24/2012,0.456521739,0.433544158
1/25/2012,0.501113586,0.439023566
1/26/2012,0.492753623,0.442824164
1/27/2012,0.436507937,0.448209059
1/30/2012,0.417702999,0.454332305
1/31/2012,0.498248073,0.462668621
2/1/2012,0.529041288,0.461908142
2/2/2012,0.481945468,0.461701427
2/3/2012,0.467625899,0.462047283
2/6/2012,0.433039294,0.462068901
2/7/2012,0.479066575,0.463615262
2/8/2012,0.524008351,0.46711905
2/9/2012,0.430635838,0.46623281
2/10/2012,0.451121795,0.464652322
2/13/2012,0.459651899,0.466505591
2/14/2012,0.460365854,0.466650689
2/15/2012,0.473400154,0.467080171
2/16/2012,0.437007874,0.465262376
2/17/2012,0.418103448,0.464852355
2/21/2012,0.47023361,0.465904765
2/22/2012,0.447876448,0.465472501
2/23/2012,0.47723824,0.464278733
2/24/2012,0.457002457,0.462491175
2/27/2012,0.461538462,0.463742701
2/28/2012,0.465361446,0.466125624
2/29/2012,0.505486467,0.466487543
3/1/2012,0.486142322,0.464342595
3/2/2012,0.453312051,0.462910924
3/5/2012,0.469843634,0.463021811
3/6/2012,0.447368421,0.463738267
3/7/2012,0.446165763,0.462093227
3/8/2012,0.439429929,0.457864305
3/9/2012,0.419629057,0.457313966
3/12/2012,0.427682737,0.456142014
3/13/2012,0.48682284,0.457500561
3/14/2012,0.453592814,0.457161909
3/15/2012,0.433947158,0.455189259
3/16/2012,0.435523114,0.455115021
3/19/2012,0.448329448,0.456626321
3/20/2012,0.478084963,0.457018889
3/21/2012,0.480716253,0.458660879
3/22/2012,0.477496484,0.458673791
3/23/2012,0.437837838,0.45771556
3/26/2012,0.459400146,0.457608644
3/27/2012,0.462655602,0.457473352
3/28/2012,0.475493782,0.455973718
3/29/2012,0.437178545,0.453525529
3/30/2012,0.43273906,0.452496879
4/2/2012,0.453551913,0.451682293
4/3/2012,0.49695122,0.454161433
4/4/2012,0.436320755,0.453669183
4/5/2012,0.410806175,0.452237995
4/9/2012,0.393376414,0.450925363
4/10/2012,0.479655712,0.453524012
4/11/2012,0.451737452,0.451769742
4/12/2012,0.465989054,0.452389554
4/13/2012,0.416445623,0.451514478
4/16/2012,0.422167889,0.450846716
4/17/2012,0.43163752,0.45001212
4/18/2012,0.436134454,0.447914594
4/19/2012,0.503246753,0.449041119
4/20/2012,0.424467099,0.44638965
4/23/2012,0.455070074,0.447251262
4/24/2012,0.464622642,0.447512387
4/25/2012,0.464393939,0.447599304
4/26/2012,0.439870864,0.445818158
4/27/2012,0.411814346,0.444549948
4/30/2012,0.422098569,0.444017923
5/1/2012,0.466666667,0.444673661
5/2/2012,0.445261438,0.442089172
5/3/2012,0.454987835,0.443022526
5/4/2012,0.400184843,0.442491459
5/7/2012,0.426829268,0.444164102
5/8/2012,0.462664714,0.443314552
5/9/2012,0.445822994,0.443018829
5/10/2012,0.449519231,0.442195338
5/11/2012,0.424074074,0.442576761
5/14/2012,0.423714037,0.442654068
5/15/2012,0.472243941,0.444684389
5/16/2012,0.483268482,0.44704109
5/17/2012,0.50410509,0.447084007
5/18/2012,0.437837838,0.447752544
5/21/2012,0.465448769,0.448271479
5/22/2012,0.500762195,0.450078457
5/23/2012,0.49299258,0.451508389
5/24/2012,0.427647534,0.450897222
5/29/2012,0.485235435,0.454568277
5/30/2012,0.4544,0.456183348
5/31/2012,0.49765625,0.457732827
6/1/2012,0.478809739,0.459410242
6/4/2012,0.493786247,0.461350163
6/5/2012,0.527756059,0.467728724
6/6/2012,0.503968254,0.471585673
6/7/2012,0.447799827,0.470842429
6/8/2012,0.401639344,0.468633246
6/11/2012,0.414655172,0.466890043
6/12/2012,0.462356792,0.468804179
6/13/2012,0.433694746,0.469303215
6/14/2012,0.440635452,0.46772279
6/15/2012,0.391455972,0.463132165
6/18/2012,0.437048917,0.459779356
6/19/2012,0.451737452,0.460474337
6/20/2012,0.4568,0.460041898
6/21/2012,0.4796875,0.458988164
6/22/2012,0.392523364,0.453964703
6/25/2012,0.44093178,0.454628915
6/26/2012,0.489583333,0.45484631
6/27/2012,0.463993453,0.455325983
6/28/2012,0.42218543,0.451552442
6/29/2012,0.428308824,0.449027396
7/2/2012,0.421343146,0.445405241
7/5/2012,0.34322453,0.436178665
7/6/2012,0.318534961,0.426907
7/9/2012,0.458874459,0.427460731
7/10/2012,0.465642684,0.430660898
7/11/2012,0.482698962,0.434063088
7/12/2012,0.469838573,0.434437177
7/13/2012,0.452422145,0.435373547
7/16/2012,0.478225144,0.437253032
7/17/2012,0.492101106,0.442285288
7/18/2012,0.486697966,0.444767741
7/19/2012,0.450586265,0.444710181
7/20/2012,0.458369099,0.444788636
7/23/2012,0.436884512,0.442648487
7/24/2012,0.478547855,0.446949711
7/25/2012,0.491914894,0.449498867
7/26/2012,0.484087102,0.449224055
7/27/2012,0.435559737,0.44780237
7/30/2012,0.440414508,0.448713823
7/31/2012,0.489891135,0.451792939
8/1/2012,0.470193115,0.454235437
8/2/2012,0.444444444,0.459296433
8/3/2012,0.406563355,0.463697853
8/6/2012,0.42228212,0.461868236
8/7/2012,0.475063398,0.462339272
8/8/2012,0.47068819,0.461738733
8/9/2012,0.458532695,0.461173439
8/10/2012,0.430555556,0.46008011
8/13/2012,0.429535865,0.457645646
8/14/2012,0.482286634,0.457154922
8/15/2012,0.543900544,0.460015051
8/16/2012,0.43488746,0.459230111
8/17/2012,0.425512935,0.457587303
8/20/2012,0.434709351,0.457478545
8/21/2012,0.472019465,0.457152125
8/22/2012,0.463779528,0.455745357
8/23/2012,0.450406504,0.454061327
8/24/2012,0.405797101,0.452573195
8/27/2012,0.436334144,0.452369177
8/28/2012,0.459358688,0.450842555
8/29/2012,0.45251858,0.449958828
8/30/2012,0.443462898,0.449909751
8/31/2012,0.370034052,0.448083285
9/4/2012,0.474938373,0.450716098
9/5/2012,0.504761905,0.452201023
9/6/2012,0.482225657,0.452777897
9/7/2012,0.49194847,0.454448685
9/10/2012,0.47756654,0.456799235
9/11/2012,0.493333333,0.459989108
9/12/2012,0.492211838,0.460485368
9/13/2012,0.485950413,0.457587862
9/14/2012,0.447168216,0.4582019
9/17/2012,0.444444444,0.459148475
9/18/2012,0.498888065,0.462357411
9/19/2012,0.552457814,0.466379328
9/20/2012,0.488645262,0.467622615
9/21/2012,0.484823626,0.469343471
9/24/2012,0.495014245,0.473804328
9/25/2012,0.528421053,0.478408674
9/26/2012,0.511665326,0.481024006
9/27/2012,0.517980107,0.484297082
9/28/2012,0.477768795,0.486012377
10/1/2012,0.489139179,0.491967633
10/2/2012,0.51988218,0.494214823
10/3/2012,0.487124464,0.493332951
10/4/2012,0.459708365,0.492207087
10/5/2012,0.433536056,0.489286466
10/9/2012,0.543944637,0.492605371
10/10/2012,0.499618612,0.492919635
10/11/2012,0.472382523,0.491928169
10/12/2012,0.449131514,0.490087224
10/15/2012,0.473085671,0.491383097
10/16/2012,0.516245487,0.494973149
10/17/2012,0.490494297,0.494553461
10/18/2012,0.4712,0.49049057
10/19/2012,0.454068241,0.488761719
10/22/2012,0.442979054,0.48666949
10/23/2012,0.476489028,0.485743229
10/24/2012,0.478228228,0.483233588
10/25/2012,0.498487141,0.482574679
10/26/2012,0.454318937,0.47939162
10/30/2012,0.238095238,0.467407943
10/31/2012,0.477707006,0.466836334
11/1/2012,0.473933649,0.464538907
11/2/2012,0.428571429,0.461611256
11/5/2012,0.457703927,0.461511034
11/6/2012,0.461422088,0.462905335
11/7/2012,0.462240664,0.458820137
11/8/2012,0.486486486,0.45816353
11/9/2012,0.462040816,0.457646445
11/13/2012,0.518771331,0.461128436
11/14/2012,0.488514548,0.46189988
11/15/2012,0.498121713,0.460993691
11/16/2012,0.494877857,0.461212869
11/19/2012,0.497113997,0.462508569
11/20/2012,0.485034536,0.464056884
11/21/2012,0.377967711,0.460806317
11/26/2012,0.494577007,0.461710715
11/27/2012,0.525052929,0.464051951
11/28/2012,0.491791045,0.463717146
11/29/2012,0.498864497,0.465944424
11/30/2012,0.49722882,0.478901103
12/3/2012,0.47172619,0.478602062
12/4/2012,0.472142857,0.478512522
12/5/2012,0.476154428,0.480891672
12/6/2012,0.466876972,0.481350325
12/7/2012,0.429032258,0.479730833
12/10/2012,0.480326652,0.480635133
12/11/2012,0.495432186,0.481082417
12/12/2012,0.495873968,0.482774075
12/13/2012,0.486764706,0.481173744
12/14/2012,0.448540707,0.479175052
12/17/2012,0.513645906,0.479951261
12/18/2012,0.500680272,0.480241382
12/19/2012,0.481192335,0.479445299
12/20/2012,0.444361464,0.477411645
12/21/2012,0.36451049,0.476738784
12/26/2012,0.33095723,0.468557796
12/27/2012,0.38410596,0.461510447
12/28/2012,0.329051383,0.453373464
1/2/2013,0.4576,0.451310239
1/3/2013,0.450301205,0.448963858
1/4/2013,0.447843137,0.447769706
1/7/2013,0.47993944,0.448159535
1/8/2013,0.471962617,0.447949944
1/9/2013,0.497309762,0.449471584
1/10/2013,0.471814672,0.451610705
1/11/2013,0.447819315,0.449985338
1/14/2013,0.491017964,0.449764627
1/15/2013,0.509929078,0.450467382
1/16/2013,0.501445087,0.451201401
1/17/2013,0.48778626,0.453163679
1/18/2013,0.449958644,0.449979316
1/22/2013,0.495098039,0.449700204
1/23/2013,0.520507084,0.451665941
1/24/2013,0.505360972,0.454715917
1/25/2013,0.462172285,0.459599007
1/28/2013,0.525622255,0.469332258
1/29/2013,0.488710852,0.474562502
1/30/2013,0.525487256,0.484384296
1/31/2013,0.514154552,0.487212024
2/1/2013,0.485736315,0.488983779
2/4/2013,0.485003658,0.490841805
2/5/2013,0.47715736,0.490702701
2/6/2013,0.501850481,0.492197094
2/7/2013,0.490740741,0.491868643
2/8/2013,0.460192476,0.491287534
2/11/2013,0.487216947,0.493257415
2/12/2013,0.5,0.493706517
2/13/2013,0.508679245,0.493644025
2/14/2013,0.46875,0.492009271
2/15/2013,0.470057424,0.491122829
2/19/2013,0.492242595,0.493237027
2/20/2013,0.495658466,0.493265048
2/21/2013,0.50723589,0.492601489
2/22/2013,0.468895801,0.49077823
2/25/2013,0.481702763,0.491754754
2/26/2013,0.486350575,0.48979117
2/27/2013,0.471599402,0.488935597
2/28/2013,0.482705611,0.486796515
3/1/2013,0.469305331,0.484554054
3/4/2013,0.483967189,0.484465598
3/5/2013,0.500366838,0.485233757
3/6/2013,0.463483146,0.484550046
3/7/2013,0.477203647,0.483317704
3/8/2013,0.447530864,0.481157211
3/11/2013,0.491525424,0.482723858
3/12/2013,0.5,0.483363011
3/13/2013,0.456674473,0.481196734
3/14/2013,0.474320242,0.479478784
3/15/2013,0.441685478,0.478125558
3/18/2013,0.481804949,0.478712934
3/19/2013,0.482579689,0.478229789
3/20/2013,0.528244275,0.479859079
3/21/2013,0.503062787,0.479650424
3/22/2013,0.428453267,0.477628297
3/25/2013,0.503571429,0.478721731
3/26/2013,0.476085357,0.47820847
3/27/2013,0.47515528,0.478386264
4/1/2013,0.473605948,0.477931281
4/2/2013,0.507760532,0.479854041
4/3/2013,0.507505361,0.481030949
4/4/2013,0.499238965,0.480974556
4/5/2013,0.432477216,0.479424259
4/8/2013,0.494002999,0.480264227
4/9/2013,0.517420311,0.483758699
4/10/2013,0.506125574,0.484488707
4/11/2013,0.47220047,0.48309873
4/12/2013,0.444352844,0.482482649
4/15/2013,0.457165109,0.481624892
4/16/2013,0.493957704,0.484238503
4/17/2013,0.449722882,0.4826344
4/18/2013,0.48,0.482505415
4/19/2013,0.403065825,0.476246493
4/22/2013,0.447215295,0.473454118
4/23/2013,0.489311164,0.476497013
4/24/2013,0.45316253,0.473976568
4/25/2013,0.499610895,0.475152845
4/26/2013,0.450434783,0.47391682
4/29/2013,0.505066251,0.475489836
4/30/2013,0.491486068,0.474676112
5/1/2013,0.455967078,0.472099198
5/2/2013,0.500417014,0.472158101
5/3/2013,0.447058824,0.472887181
5/6/2013,0.458653026,0.471119682
5/7/2013,0.493755204,0.469936427
5/8/2013,0.469899666,0.468125132
5/9/2013,0.469747899,0.468002503
5/10/2013,0.449871465,0.468278434
5/13/2013,0.453748006,0.468107579
5/14/2013,0.522637014,0.469541544
5/15/2013,0.509933775,0.472552089
5/16/2013,0.479968578,0.472550518
5/17/2013,0.445709282,0.474682691
5/20/2013,0.454316848,0.475037769
5/21/2013,0.495652174,0.475354819
5/22/2013,0.466772152,0.4760353
5/23/2013,0.475206612,0.474815086
5/28/2013,0.496598639,0.477123279
5/29/2013,0.497709924,0.476755462
5/30/2013,0.530291109,0.478695714
5/31/2013,0.48946925,0.480370823
6/3/2013,0.475482912,0.479124118
6/4/2013,0.5056899,0.482055672
6/5/2013,0.51899696,0.485072869
6/6/2013,0.527366864,0.486753452
6/7/2013,0.498078401,0.488162388
6/10/2013,0.504504505,0.489900219
6/11/2013,0.532436709,0.494028481
6/12/2013,0.533487298,0.498015445
6/13/2013,0.523696682,0.498068429
6/14/2013,0.429883139,0.494065897
6/17/2013,0.481334392,0.494134188
6/18/2013,0.534099067,0.498553677
6/19/2013,0.528808208,0.502278245
6/20/2013,0.512757202,0.503133496
6/21/2013,0.474042553,0.503497016
6/24/2013,0.514729951,0.505473183
6/25/2013,0.56780924,0.509033713
6/26/2013,0.551020408,0.511699238
6/27/2013,0.547376093,0.512553487
6/28/2013,0.484323432,0.512296196
7/1/2013,0.480658436,0.512554972
7/2/2013,0.501589825,0.512349968
7/5/2013,0.278614458,0.500330843
7/8/2013,0.510172144,0.499471107
7/9/2013,0.498802873,0.499507331
7/10/2013,0.519534497,0.50025883
7/11/2013,0.503637833,0.498818887
7/12/2013,0.45520362,0.494904703
7/15/2013,0.500400962,0.493739917
7/16/2013,0.481315396,0.49631153
7/17/2013,0.511535402,0.49782158
7/18/2013,0.513988809,0.496816067
7/19/2013,0.445895522,0.492670433
7/22/2013,0.490275527,0.491546349
7/23/2013,0.520547945,0.493871619
7/24/2013,0.481670929,0.492218668
7/25/2013,0.483146067,0.487985509
7/26/2013,0.430581614,0.481963569
7/29/2013,0.474315068,0.478310518
7/30/2013,0.555910543,0.481889874
7/31/2013,0.509944312,0.483354167
8/1/2013,0.501191422,0.483334247
8/2/2013,0.42387218,0.490597133
8/5/2013,0.469759735,0.488576513
8/6/2013,0.47189232,0.487230985
8/7/2013,0.486415425,0.485575032
8/8/2013,0.481770833,0.484481682
8/9/2013,0.425978988,0.48302045
8/12/2013,0.480735552,0.482037179
8/13/2013,0.497483221,0.482845571
8/14/2013,0.478070175,0.481172309
8/15/2013,0.482517483,0.479598743
8/16/2013,0.44284342,0.479446138
8/19/2013,0.492142266,0.479539475
8/20/2013,0.515322581,0.479278207
8/21/2013,0.478655767,0.479127449
8/22/2013,0.489343564,0.479437323
8/23/2013,0.443181818,0.480067334
8/26/2013,0.444444444,0.478573802
8/27/2013,0.470487596,0.474302655
8/28/2013,0.470430108,0.472326945
8/29/2013,0.457350272,0.470134887
8/30/2013,0.326708075,0.465276682
9/3/2013,0.499589154,0.466768153
9/4/2013,0.516051364,0.468976105
9/5/2013,0.468267581,0.468068713
9/6/2013,0.444843049,0.466222324
9/9/2013,0.454855196,0.467666134
9/10/2013,0.480551053,0.467656909
9/11/2013,0.499108734,0.467738185
9/12/2013,0.487223169,0.468195835
9/13/2013,0.447841727,0.466462047
9/16/2013,0.506772908,0.469658521
9/17/2013,0.528158295,0.471459323
9/18/2013,0.534357316,0.47241106
9/19/2013,0.543461237,0.475651333
9/20/2013,0.46339203,0.474353756
9/23/2013,0.528422738,0.478615802
9/24/2013,0.560617761,0.484424468
9/25/2013,0.512900704,0.486545124
9/26/2013,0.497085762,0.487877906
9/27/2013,0.477272727,0.488874029
9/30/2013,0.489690722,0.497023161
10/1/2013,0.509575354,0.497522471
10/2/2013,0.483319076,0.495885857
10/3/2013,0.477508651,0.49634791
10/4/2013,0.426152399,0.495413378
10/7/2013,0.436056838,0.49447346
10/8/2013,0.51924722,0.496408268
10/9/2013,0.504050405,0.496655352
10/10/2013,0.499568594,0.497272623
10/11/2013,0.451807229,0.497470898
10/15/2013,0.526521061,0.498458306
10/16/2013,0.507427678,0.497421775
10/17/2013,0.522123894,0.496810104
10/18/2013,0.467857143,0.493029899
10/21/2013,0.492765957,0.494498596
10/22/2013,0.519934906,0.494074204
10/23/2013,0.496259352,0.490856284
10/24/2013,0.521197007,0.491271099
10/25/2013,0.488909427,0.490862282
10/28/2013,0.497011102,0.491849201
10/29/2013,0.520033389,0.493366334
10/30/2013,0.536564626,0.494715798
10/31/2013,0.510726073,0.496086147
11/1/2013,0.464154412,0.495418436
11/4/2013,0.500421941,0.499131913
11/5/2013,0.514950166,0.503076579
11/6/2013,0.512298558,0.502729146
11/7/2013,0.486718081,0.50186253
11/8/2013,0.445554446,0.499161822
11/12/2013,0.593181818,0.506230552
11/13/2013,0.539516129,0.506880305
11/14/2013,0.484615385,0.505739691
11/15/2013,0.488372093,0.5040521
11/18/2013,0.481072555,0.504712871
11/19/2013,0.501222494,0.505135698
11/20/2013,0.51440678,0.504859292
11/21/2013,0.489174018,0.504505025
11/22/2013,0.48441449,0.502665899
11/25/2013,0.485921158,0.502516486
11/26/2013,0.523195876,0.503825724
11/27/2013,0.387755102,0.49721181
12/2/2013,0.512155592,0.495991358
12/3/2013,0.516719745,0.496291042
12/4/2013,0.498701299,0.498018386
12/5/2013,0.492307692,0.497612674
12/6/2013,0.473244147,0.495527373
12/9/2013,0.498410175,0.494832954
12/10/2013,0.521772345,0.496585667
12/11/2013,0.507340946,0.499674992
12/12/2013,0.495867769,0.49480929
12/13/2013,0.473774721,0.491522219
12/16/2013,0.518808777,0.493231889
12/17/2013,0.549230769,0.496274823
12/18/2013,0.499188312,0.49718061
12/19/2013,0.487824675,0.496510719
12/20/2013,0.462140992,0.49389743
12/23/2013,0.427902622,0.49083386
12/26/2013,0.297442799,0.481485276
12/27/2013,0.325097529,0.473444094
12/30/2013,0.382978723,0.466433237
1/2/2014,0.431775701,0.468634267
1/3/2014,0.367003367,0.461376655
1/6/2014,0.50203749,0.460642543
1/7/2014,0.514681892,0.461441572
1/8/2014,0.542569659,0.463954671
1/9/2014,0.52507837,0.466546382
1/10/2014,0.540758676,0.468663807
1/13/2014,0.513971211,0.46827375
1/14/2014,0.519121237,0.468862765
1/15/2014,0.521367521,0.470137752
1/16/2014,0.502533784,0.471575705
1/17/2014,0.480483271,0.46965943
1/21/2014,0.510895884,0.467742686
1/22/2014,0.499595142,0.467763027
1/23/2014,0.532765957,0.470010091
1/24/2014,0.536777583,0.473741921
1/27/2014,0.537996546,0.479246617
1/28/2014,0.532139951,0.490981475
1/29/2014,0.521487603,0.500800978
1/30/2014,0.520780322,0.507691058
1/31/2014,0.480769231,0.510140735
2/3/2014,0.464157706,0.514998452
2/4/2014,0.517608518,0.515777003
2/5/2014,0.500857633,0.51508579
2/6/2014,0.531539108,0.514534263
2/7/2014,0.461139896,0.511337339
2/10/2014,0.475165563,0.508057683
2/11/2014,0.524225576,0.508570402
2/12/2014,0.495992876,0.507413984
2/13/2014,0.490875912,0.505889403
2/14/2014,0.459582198,0.503741824
2/18/2014,0.537720706,0.506603696
2/19/2014,0.515866558,0.506852229
2/20/2014,0.525773196,0.508161132
2/21/2014,0.461734694,0.504609569
2/24/2014,0.495826377,0.502562009
2/25/2014,0.505059022,0.500915132
2/26/2014,0.512690355,0.499942653
2/27/2014,0.488309353,0.49828374
2/28/2014,0.506391347,0.497564291
3/3/2014,0.51744186,0.499397923
3/4/2014,0.526141079,0.502497091
3/5/2014,0.529360967,0.503084714
3/6/2014,0.538461538,0.504964909
3/7/2014,0.493261456,0.503051027
3/10/2014,0.519932146,0.505990639
3/11/2014,0.50676819,0.50757077
3/12/2014,0.501658375,0.50644241
3/13/2014,0.472222222,0.505253878
3/14/2014,0.475736568,0.50449691
3/17/2014,0.530340815,0.508034841
3/18/2014,0.5,0.506148806
3/19/2014,0.521959459,0.506453451
3/20/2014,0.519214347,0.506125509
3/21/2014,0.480392157,0.507058382
3/24/2014,0.507537688,0.507643947
3/25/2014,0.504890895,0.507635541
3/26/2014,0.532258065,0.508613926
3/27/2014,0.569326104,0.512664764
3/28/2014,0.51149954,0.512920174
3/31/2014,0.508870968,0.512491629
4/1/2014,0.519327731,0.512150962
4/2/2014,0.521555368,0.511760682
4/3/2014,0.518014412,0.510738325
4/4/2014,0.493208829,0.510735694
4/7/2014,0.524271845,0.510952679
4/8/2014,0.514991182,0.511363828
4/9/2014,0.53956229,0.513259024
4/10/2014,0.514563107,0.515376068
4/11/2014,0.554592721,0.519318876
4/14/2014,0.515754561,0.518589563
4/15/2014,0.5248,0.519829563
4/16/2014,0.50781893,0.519122537
4/21/2014,0.468288445,0.516576242
4/22/2014,0.521022259,0.518607747
4/23/2014,0.523450586,0.519403392
4/24/2014,0.536149472,0.520966321
4/25/2014,0.502179599,0.519462397
4/28/2014,0.520816327,0.517036908
4/29/2014,0.53815893,0.518369878
4/30/2014,0.5456,0.52020633
5/1/2014,0.50483871,0.519481878
5/2/2014,0.483751161,0.517591668
5/5/2014,0.488607595,0.516121327
5/6/2014,0.507165605,0.516819166
5/7/2014,0.519966722,0.51660391
5/8/2014,0.526693227,0.517189012
5/9/2014,0.496910856,0.515056441
5/12/2014,0.532125206,0.515934546
5/13/2014,0.524302789,0.514420049
5/14/2014,0.551355793,0.516200111
5/15/2014,0.570405728,0.518480397
5/16/2014,0.47822374,0.517000637
5/19/2014,0.543313709,0.520751901
5/20/2014,0.538712306,0.521636403
5/21/2014,0.553122466,0.523119997
5/22/2014,0.59392945,0.526008996
5/27/2014,0.560272934,0.528913663
5/28/2014,0.53262519,0.529504106
5/29/2014,0.544019934,0.529797156
5/30/2014,0.49630845,0.527332578
6/2/2014,0.490581491,0.526619718
6/3/2014,0.529775715,0.528920945
6/4/2014,0.528501629,0.530915647
6/5/2014,0.521232306,0.531618982
6/6/2014,0.463576159,0.528799454
6/9/2014,0.454622561,0.525195921
6/10/2014,0.527446301,0.526722693
6/11/2014,0.474489796,0.523840922
6/12/2014,0.484794275,0.521865497
6/13/2014,0.427625355,0.515678975
6/16/2014,0.495238095,0.511920593
6/17/2014,0.532958199,0.514657316
6/18/2014,0.551302932,0.515056777
6/19/2014,0.492615117,0.512751918
6/20/2014,0.476464938,0.508919041
6/23/2014,0.500823723,0.504263755
6/24/2014,0.54567502,0.503533859
6/25/2014,0.499612102,0.501883205
6/26/2014,0.50918197,0.500141307
6/27/2014,0.482276119,0.49943969
6/30/2014,0.504424779,0.500131855
7/1/2014,0.528562461,0.500071192
7/2/2014,0.505249344,0.498908578
7/7/2014,0.474367294,0.496565327
7/8/2014,0.535384615,0.50015575
7/9/2014,0.51142132,0.502995688
7/10/2014,0.577437859,0.505495266
7/11/2014,0.468818782,0.505211715
7/14/2014,0.552678046,0.508605904
7/15/2014,0.589000591,0.516674665
7/16/2014,0.558988764,0.519862199
7/17/2014,0.588998764,0.522664227
7/18/2014,0.526760563,0.521437109
7/21/2014,0.50563204,0.522087955
7/22/2014,0.570835803,0.526806498
7/23/2014,0.537340619,0.528632343
7/24/2014,0.555282555,0.52911272
7/25/2014,0.479750779,0.528119653
7/28/2014,0.549819928,0.530151551
7/29/2014,0.562421973,0.534158844
7/30/2014,0.577721838,0.537823697
7/31/2014,0.558466454,0.539318897
8/1/2014,0.55539873,0.541826366
8/4/2014,0.536464771,0.54493124
8/5/2014,0.569657615,0.54664489
8/6/2014,0.599875156,0.551067581
8/7/2014,0.543828265,0.549387102
8/8/2014,0.528467153,0.55236952
8/11/2014,0.53316801,0.551394019
8/12/2014,0.522871665,0.548087572
8/13/2014,0.535853977,0.546930833
8/14/2014,0.5313451,0.54404815
8/15/2014,0.463072378,0.54086374
8/18/2014,0.49005305,0.540084791
8/19/2014,0.505632869,0.536824644
8/20/2014,0.522849462,0.536100086
8/21/2014,0.51226158,0.533949038
8/22/2014,0.491027732,0.534512885
8/25/2014,0.488405797,0.531442179
8/26/2014,0.484891075,0.527565634
8/27/2014,0.502074689,0.523783276
8/28/2014,0.441310976,0.517925503
8/29/2014,0.345330739,0.507422103
9/2/2014,0.507643312,0.50598103
9/3/2014,0.537598945,0.504378097
9/4/2014,0.552109181,0.501989798
9/5/2014,0.503790489,0.499987909
9/8/2014,0.546090273,0.500869065
9/9/2014,0.55876807,0.502149068
9/10/2014,0.535762483,0.502793609
9/11/2014,0.568081064,0.504404963
9/12/2014,0.46977661,0.501326539
9/15/2014,0.538651824,0.505105511
9/16/2014,0.530788177,0.507142268
9/17/2014,0.522826767,0.508001962
9/18/2014,0.583535109,0.511036245
9/19/2014,0.527628032,0.511804567
9/22/2014,0.519218241,0.513214093
9/23/2014,0.555277951,0.5165577
9/24/2014,0.552581262,0.51994221
9/25/2014,0.539026017,0.521789776
9/26/2014,0.543507363,0.526899596
9/29/2014,0.547604231,0.53701327
9/30/2014,0.61722761,0.542492485
10/1/2014,0.546112116,0.542918144
10/2/2014,0.58239811,0.54443259
10/3/2014,0.562192118,0.547352671
10/6/2014,0.580912863,0.549093801
10/7/2014,0.557875895,0.549049192
10/8/2014,0.520599251,0.548291031
10/9/2014,0.537944929,0.546784224
10/10/2014,0.518027962,0.549196791
10/14/2014,0.587053571,0.551616879
10/15/2014,0.580357143,0.554095327
10/16/2014,0.605355064,0.558221742
10/17/2014,0.591626214,0.558626297
10/20/2014,0.57168784,0.560829288
10/21/2014,0.62979433,0.566358092
10/22/2014,0.600343053,0.568611347
10/23/2014,0.583623693,0.570163469
10/24/2014,0.534193548,0.569921845
10/27/2014,0.540942928,0.569793624
10/28/2014,0.542312277,0.569529026
10/29/2014,0.54269802,0.565802546
10/30/2014,0.561403509,0.566567116
10/31/2014,0.539167687,0.564405595
11/3/2014,0.531209363,0.562856457
11/4/2014,0.548387097,0.561230169
11/5/2014,0.539594843,0.560316116
11/6/2014,0.558495003,0.562210904
11/7/2014,0.546615581,0.562644436
11/10/2014,0.531760436,0.56333106
11/12/2014,0.58506457,0.56323161
11/13/2014,0.549791294,0.561703317
11/14/2014,0.533805538,0.558125841
11/17/2014,0.533105023,0.555199782
11/18/2014,0.546948357,0.553962807
11/19/2014,0.549160671,0.549931125
11/20/2014,0.571683522,0.548498148
11/21/2014,0.557810578,0.547207492
11/24/2014,0.574148875,0.549205259
11/25/2014,0.576969697,0.551006597
11/26/2014,0.448160535,0.54629901
12/1/2014,0.544367527,0.546382485
12/2/2014,0.585972851,0.547610952
12/3/2014,0.567922374,0.549048687
12/4/2014,0.579596413,0.551468039
12/5/2014,0.533252721,0.55071132
12/8/2014,0.534441805,0.550453668
12/9/2014,0.58554489,0.551806163
12/10/2014,0.591071429,0.554028955
12/11/2014,0.598484848,0.557365176
12/12/2014,0.572049689,0.556714432
12/15/2014,0.602088167,0.559329275
12/16/2014,0.597595879,0.562518793
12/17/2014,0.579222287,0.564824656
12/18/2014,0.595492289,0.567251852
12/19/2014,0.558616272,0.567724632
12/22/2014,0.517195767,0.565000245
12/23/2014,0.494481236,0.561833778
12/26/2014,0.264090177,0.546330843
12/29/2014,0.453111306,0.540137923
12/30/2014,0.458333333,0.540646563
1/2/2015,0.298879203,0.528372147
1/5/2015,0.537469287,0.525946969
1/6/2015,0.568072289,0.525954464
1/7/2015,0.547393365,0.524344312
1/8/2015,0.581161137,0.526739733
1/9/2015,0.551033187,0.527569302
1/12/2015,0.550802139,0.525832164
1/13/2015,0.58172232,0.525364709
1/14/2015,0.546490702,0.522765002
1/15/2015,0.566646742,0.522494854
1/16/2015,0.534300792,0.519105486
1/20/2015,0.551912568,0.51682132
1/21/2015,0.579132474,0.516816829
1/22/2015,0.587622903,0.51642336
1/23/2015,0.569325153,0.516958804
1/26/2015,0.57311761,0.519754896
1/27/2015,0.508298755,0.520445772
1/28/2015,0.612550374,0.537868782
1/29/2015,0.579659024,0.544196168
1/30/2015,0.573418456,0.549950424
2/2/2015,0.539162113,0.56196457
2/3/2015,0.572722128,0.563727212
2/4/2015,0.58056729,0.564351962
2/5/2015,0.584740827,0.566219335
2/6/2015,0.548448385,0.564583697
2/9/2015,0.540884313,0.564076253
2/10/2015,0.57767277,0.565419785
2/11/2015,0.590537383,0.565860538
2/12/2015,0.592459605,0.568158983
2/13/2015,0.498675497,0.564760421
2/17/2015,0.537558685,0.564923316
2/18/2015,0.575342466,0.566094811
2/19/2015,0.578153289,0.566045851
2/20/2015,0.512709237,0.562300168
2/23/2015,0.521921922,0.559930007
2/24/2015,0.556291391,0.559088696
2/25/2015,0.564132327,0.561880374
2/26/2015,0.580310881,0.560268399
2/27/2015,0.558318532,0.559201375
3/2/2015,0.559064327,0.558483668
3/3/2015,0.568975069,0.559974316
3/4/2015,0.619733333,0.562324877
3/5/2015,0.547567568,0.56067489
3/6/2015,0.562192118,0.559547455
3/9/2015,0.554328879,0.55984148
3/10/2015,0.580682475,0.561831388
3/11/2015,0.640509014,0.5649732
3/12/2015,0.565962307,0.563744446
3/13/2015,0.554496724,0.561846302
3/16/2015,0.561797753,0.565002415
3/17/2015,0.589572934,0.567603127
3/18/2015,0.589223638,0.568297186
3/19/2015,0.541203974,0.56644972
3/20/2015,0.546731827,0.56815085
3/23/2015,0.554030875,0.569756297
3/24/2015,0.581818182,0.571032637
3/25/2015,0.557986871,0.570725364
3/26/2015,0.545658263,0.568992733
3/27/2015,0.515037594,0.566828686
3/30/2015,0.547466511,0.566248795
3/31/2015,0.55941704,0.565770894
4/1/2015,0.553601815,0.562464318
4/2/2015,0.5,0.56008594
4/6/2015,0.507292327,0.55734095
4/7/2015,0.53728714,0.556488863
4/8/2015,0.557491289,0.555329304
4/9/2015,0.550122249,0.550809966
4/10/2015,0.507491857,0.547886443
4/13/2015,0.503097893,0.545316502
4/14/2015,0.539833532,0.544218291
4/15/2015,0.54702381,0.542090834
4/16/2015,0.553624925,0.540310899
4/17/2015,0.513743455,0.538937873
4/20/2015,0.52776083,0.537989323
4/21/2015,0.551724138,0.537873986
4/22/2015,0.564946115,0.537030383
4/23/2015,0.533717579,0.535816918
4/24/2015,0.520489297,0.53455847
4/27/2015,0.546728972,0.536143039
4/28/2015,0.554540263,0.536496726
4/29/2015,0.544463569,0.535749053
4/30/2015,0.577032405,0.536920582
5/1/2015,0.507118644,0.537276514
5/4/2015,0.544296117,0.539126704
5/5/2015,0.568408691,0.540682781
5/6/2015,0.569905213,0.541303478
5/7/2015,0.584872979,0.543041014
5/8/2015,0.561111111,0.545721977
5/11/2015,0.543817527,0.547757958
5/12/2015,0.573616019,0.549447083
5/13/2015,0.56269302,0.550230543
5/14/2015,0.531607465,0.54912967
5/15/2015,0.535064935,0.550195744
5/18/2015,0.521256932,0.549870549
5/19/2015,0.565691337,0.550568909
5/20/2015,0.549253731,0.54978429
5/21/2015,0.539520958,0.550074459
5/26/2015,0.561721404,0.552136065
5/27/2015,0.548461985,0.552222715
5/28/2015,0.528469751,0.55091919
5/29/2015,0.504116529,0.548901838
6/1/2015,0.496341463,0.544867291
6/2/2015,0.53909465,0.546466091
6/3/2015,0.550435866,0.546773078
6/4/2015,0.565630945,0.546634191
6/5/2015,0.490579204,0.542667891
6/8/2015,0.53952927,0.540400705
6/9/2015,0.55604258,0.540147279
6/10/2015,0.530075188,0.539460162
6/11/2015,0.547805171,0.538169619
6/12/2015,0.458563536,0.532963145
6/15/2015,0.548367953,0.533801169
6/16/2015,0.551020408,0.534598943
6/17/2015,0.534124629,0.535242328
6/18/2015,0.53257432,0.533586477
6/19/2015,0.480609418,0.530154261
6/22/2015,0.559453032,0.531150865
6/23/2015,0.560354374,0.531082514
6/24/2015,0.556636156,0.531491222
6/25/2015,0.541492537,0.532142362
6/26/2015,0.516644474,0.532768759
6/29/2015,0.552151239,0.535559247
6/30/2015,0.577625571,0.537485794
7/1/2015,0.526694661,0.536298733
7/2/2015,0.437888199,0.529911596
7/6/2015,0.543695015,0.532567387
7/7/2015,0.575505351,0.534366191
7/8/2015,0.561770129,0.534652568
7/9/2015,0.562807882,0.536289203
7/10/2015,0.525446134,0.535171251
7/13/2015,0.536509901,0.539068569
7/14/2015,0.537166086,0.538508476
7/15/2015,0.548525799,0.538383745
7/16/2015,0.551967117,0.53927587
7/17/2015,0.492063492,0.537250328
7/20/2015,0.540558079,0.540247761
7/21/2015,0.555350554,0.540042637
7/22/2015,0.561493883,0.540099613
7/23/2015,0.544394038,0.539487507
7/24/2015,0.535538353,0.539189798
7/27/2015,0.533042394,0.540009694
7/28/2015,0.59429211,0.542116737
7/29/2015,0.553229665,0.540896942
7/30/2015,0.591044776,0.544114448
7/31/2015,0.537254902,0.549082783
8/3/2015,0.553915276,0.549593796
8/4/2015,0.557428215,0.548689939
8/5/2015,0.580113996,0.549607132
8/6/2015,0.555347092,0.549234093
8/7/2015,0.514365802,0.548680076
8/10/2015,0.538359788,0.548772571
8/11/2015,0.538324421,0.548830488
8/12/2015,0.56111463,0.549459929
8/13/2015,0.547029703,0.549213058
8/14/2015,0.49441891,0.549330829
8/17/2015,0.54001345,0.549303598
8/18/2015,0.540574282,0.548564784
8/19/2015,0.584249084,0.549702544
8/20/2015,0.531309298,0.549048307
8/21/2015,0.474945534,0.546018666
8/24/2015,0.526647966,0.545698945
8/25/2015,0.608646189,0.546416649
8/26/2015,0.622093023,0.549859817
8/27/2015,0.615986585,0.551106907
8/28/2015,0.522170748,0.5503527
8/31/2015,0.562385879,0.55077623
9/1/2015,0.544859201,0.550147779
9/2/2015,0.555485498,0.548916354
9/3/2015,0.570394737,0.549668736
9/4/2015,0.428442029,0.545372548
9/8/2015,0.537257358,0.545317426
9/9/2015,0.57757118,0.547279764
9/10/2015,0.529904306,0.545719248
9/11/2015,0.527373527,0.544736439
9/14/2015,0.5,0.545015494
9/15/2015,0.565781711,0.546303907
9/16/2015,0.536926148,0.5461215
9/17/2015,0.508887426,0.542353417
9/18/2015,0.513439008,0.541459903
9/21/2015,0.531685678,0.54429691
9/22/2015,0.560075094,0.545968266
9/23/2015,0.546377793,0.542854846
9/24/2015,0.589058524,0.541203121
9/25/2015,0.556735236,0.538240554
9/28/2015,0.550966023,0.539680318
9/29/2015,0.584229391,0.540772493
9/30/2015,0.621462264,0.544602646
10/1/2015,0.561230769,0.54488991
10/2/2015,0.574244415,0.545082394
10/5/2015,0.619424054,0.554631495
10/6/2015,0.599318956,0.557734575
10/7/2015,0.604997026,0.559105867
10/8/2015,0.567016677,0.560961486
10/9/2015,0.550166113,0.562101115
10/13/2015,0.598420756,0.567022153
10/14/2015,0.578527607,0.567659448
10/15/2015,0.575471698,0.569586725
10/16/2015,0.550096962,0.571647202
10/19/2015,0.552192712,0.573584887
10/20/2015,0.576119403,0.575806574
10/21/2015,0.564516129,0.576028625
10/22/2015,0.563770795,0.576898275
10/23/2015,0.527423469,0.573816523
10/26/2015,0.56340694,0.574150108
10/27/2015,0.567765568,0.574990085
10/28/2015,0.594642857,0.575510758
10/29/2015,0.560991105,0.572487201
10/30/2015,0.580526638,0.573451994
11/2/2015,0.517386091,0.570609078
11/3/2015,0.535714286,0.566423589
11/4/2015,0.570200573,0.56496767
11/5/2015,0.55304457,0.562370047
11/6/2015,0.489892183,0.558513823
11/9/2015,0.510819672,0.556546501
11/10/2015,0.538732394,0.553562083
11/12/2015,0.557627119,0.552517058
11/13/2015,0.509470934,0.54921702
11/16/2015,0.514929921,0.547458668
11/17/2015,0.552054024,0.547451734
11/18/2015,0.547356188,0.546013573
11/19/2015,0.565088757,0.546042204
11/20/2015,0.538119441,0.544759637
11/23/2015,0.508307692,0.543803848
11/24/2015,0.554109994,0.543339
11/25/2015,0.435749588,0.536738201
11/30/2015,0.570940171,0.535553067
12/1/2015,0.555618939,0.535284459
12/2/2015,0.548611111,0.533688682
12/3/2015,0.541616405,0.534900198
12/4/2015,0.497087379,0.532968853
12/7/2015,0.531346989,0.531026174
12/8/2015,0.568208778,0.531784384
12/9/2015,0.537628278,0.534171189
12/10/2015,0.555621654,0.536411288
12/11/2015,0.513513514,0.535150344
12/14/2015,0.56360424,0.5354492
12/15/2015,0.603411514,0.540146229
12/16/2015,0.578947368,0.543347101
12/17/2015,0.566535654,0.544071183
12/18/2015,0.558879694,0.544647358
12/21/2015,0.521954236,0.542490632
12/22/2015,0.533914126,0.542280366
12/23/2015,0.488710852,0.541300524
12/28/2015,0.391042205,0.533147135
12/29/2015,0.402735562,0.531496434
12/30/2015,0.397188049,0.522808827
1/4/2016,0.512868801,0.520671321
1/5/2016,0.527939464,0.519637738
1/6/2016,0.566627358,0.520888286
1/7/2016,0.543532338,0.523210534
1/8/2016,0.527102804,0.522998325
1/11/2016,0.513618677,0.52026882
1/12/2016,0.575720417,0.522173426
1/13/2016,0.549715009,0.521878094
1/14/2016,0.557939914,0.524099414
1/15/2016,0.564820847,0.524160245
1/19/2016,0.545348157,0.521257077
1/20/2016,0.594397077,0.522029562
1/21/2016,0.604600219,0.52393279
1/22/2016,0.60806271,0.526391941
1/25/2016,0.569436022,0.52876603
1/26/2016,0.568208778,0.530480763
1/27/2016,0.549586777,0.533524559
1/28/2016,0.581462291,0.543045564
1/29/2016,0.566293459,0.551223458
2/1/2016,0.542626728,0.558495392
2/2/2016,0.56733699,0.561218802
2/3/2016,0.566272189,0.563135438
2/4/2016,0.580946815,0.563851411
2/5/2016,0.519393939,0.562644491
2/8/2016,0.536828135,0.563130758
2/9/2016,0.580171359,0.566458392
2/10/2016,0.575089392,0.56642684
2/11/2016,0.560513447,0.566966762
2/12/2016,0.543935644,0.566266549
2/16/2016,0.539057841,0.564978398
2/17/2016,0.592175777,0.567319779
2/18/2016,0.574200913,0.566309971
2/19/2016,0.518472906,0.562003606
2/22/2016,0.602949518,0.561747946
2/23/2016,0.574189881,0.561985639
2/24/2016,0.570028818,0.562076641
2/25/2016,0.585756677,0.563885136
2/26/2016,0.548286604,0.562226352
2/29/2016,0.575311438,0.562677251
3/1/2016,0.600867679,0.565589298
3/2/2016,0.603971318,0.567421015
3/3/2016,0.600220872,0.569118449
3/4/2016,0.564261556,0.568284186
3/7/2016,0.590733591,0.571851168
3/8/2016,0.594070081,0.574713266
3/9/2016,0.579596413,0.574684518
3/10/2016,0.560535506,0.573956824
3/11/2016,0.55502677,0.57368249
3/14/2016,0.537391304,0.573355273
3/15/2016,0.572967151,0.575050739
3/16/2016,0.567836257,0.573833763
3/17/2016,0.563566318,0.573302033
3/18/2016,0.523076923,0.573532234
3/21/2016,0.527550464,0.569762281
3/22/2016,0.568145377,0.569460056
3/23/2016,0.578116187,0.569864424
3/28/2016,0.529868578,0.567070019
3/29/2016,0.575604272,0.568435903
3/30/2016,0.569786535,0.568159658
3/31/2016,0.597971169,0.568014832
4/1/2016,0.52309613,0.563971073
4/4/2016,0.515831894,0.559751624
4/5/2016,0.550175029,0.559047298
4/6/2016,0.563063063,0.557663771
4/7/2016,0.50779896,0.553350215
4/8/2016,0.509874327,0.549864111
4/11/2016,0.517038778,0.547689274
4/12/2016,0.53458445,0.546667158
4/13/2016,0.545302946,0.54706274
4/14/2016,0.5260181,0.544715288
4/15/2016,0.514461538,0.542046552
4/18/2016,0.512222854,0.539479379
4/19/2016,0.570491803,0.541850123
4/20/2016,0.5703125,0.543988225
4/21/2016,0.550083011,0.543085106
4/22/2016,0.500649351,0.539211764
4/25/2016,0.547841307,0.540110401
4/26/2016,0.595860566,0.541123216
4/27/2016,0.584364454,0.541852112
4/28/2016,0.580645161,0.540985811
4/29/2016,0.562275449,0.542944777
5/2/2016,0.526186075,0.543462486
5/3/2016,0.58446712,0.545177091
5/4/2016,0.5609319,0.545070533
5/5/2016,0.60099889,0.549730529
5/6/2016,0.537865236,0.551130074
5/9/2016,0.53962704,0.552259488
5/10/2016,0.564261556,0.553743343
5/11/2016,0.544622426,0.553709317
5/12/2016,0.534734384,0.554145131
5/13/2016,0.523665049,0.554605307
5/16/2016,0.551822323,0.55658528
5/17/2016,0.565891473,0.556355264
5/18/2016,0.534433694,0.554561323
5/19/2016,0.542253521,0.554169849
5/20/2016,0.517942584,0.55503451
5/23/2016,0.529510961,0.554117993
5/24/2016,0.585706609,0.553610295
5/25/2016,0.555986696,0.552191407
5/26/2016,0.570048309,0.551661565
5/31/2016,0.579650565,0.552530321
6/1/2016,0.553366174,0.553889325
6/2/2016,0.538021727,0.551567056
6/3/2016,0.517772512,0.549409086
6/6/2016,0.538375973,0.546277941
6/7/2016,0.561774023,0.54747338
6/8/2016,0.57228587,0.549106321
6/9/2016,0.568255688,0.549306028
6/10/2016,0.526250772,0.548387445
6/13/2016,0.537026569,0.548502055
6/14/2016,0.579901153,0.55131386
6/15/2016,0.584450402,0.552945264
6/16/2016,0.589912281,0.554146304
